dataset,seed,eps,mechanism,sampler,eval_pos,mean_log_degree_product_gap,m_orig,m_released,auc_heur,auc_logreg,auc_degaware,auc_svd,auc_seed,auc_release_max,auc_aux_max,auc_max
email-Eu-core,0,0.5,tmf,degree_matched,1000,0.0556830876467108,16064,16124,0.5444105,0.527648,0.547108,0.498148,0.6159089999999999,0.5444105,0.6159089999999999,0.6159089999999999
email-Eu-core,0,0.5,dk1dp,degree_matched,1000,0.0556830876467108,16064,14856,0.5131425,0.502048,0.50438,0.517542,0.553676,0.517542,0.553676,0.553676
email-Eu-core,0,0.5,dk2dp,degree_matched,1000,0.0556830876467108,16064,16037,0.5026225,0.500048,0.51266,0.494144,0.5560784999999999,0.5026225,0.5560784999999999,0.5560784999999999
email-Eu-core,0,0.5,swap,degree_matched,1000,0.0556830876467108,16064,16064,0.8174700000000001,0.886382,0.8871679999999998,0.849872,0.794951,0.886382,0.8871679999999998,0.8871679999999998
email-Eu-core,0,0.5,edgeflip,degree_matched,1000,0.0556830876467108,16064,194339,0.71259,0.72162,0.7393,0.591388,0.692152,0.72162,0.7393,0.7393
email-Eu-core,0,1.0,tmf,degree_matched,1000,0.0556830876467108,16064,16060,0.555643,0.5600999999999999,0.5447879999999999,0.556492,0.6096315000000001,0.5600999999999999,0.6096315000000001,0.6096315000000001
email-Eu-core,0,1.0,dk1dp,degree_matched,1000,0.0556830876467108,16064,14937,0.513887,0.539206,0.523424,0.502372,0.561432,0.539206,0.561432,0.561432
email-Eu-core,0,1.0,dk2dp,degree_matched,1000,0.0556830876467108,16064,16046,0.500545,0.521166,0.5226,0.509486,0.5598245,0.521166,0.5598245,0.5598245
email-Eu-core,0,1.0,swap,degree_matched,1000,0.0556830876467108,16064,16064,0.877436,0.929564,0.942204,0.881264,0.865607,0.929564,0.942204,0.942204
email-Eu-core,0,1.0,edgeflip,degree_matched,1000,0.0556830876467108,16064,143352,0.7925789999999999,0.801496,0.8008239999999999,0.702432,0.7439629999999999,0.801496,0.8008239999999999,0.801496
email-Eu-core,0,2.0,tmf,degree_matched,1000,0.0556830876467108,16064,16170,0.636751,0.6541440000000001,0.64564,0.670608,0.6349555,0.670608,0.64564,0.670608
email-Eu-core,0,2.0,dk1dp,degree_matched,1000,0.0556830876467108,16064,14861,0.50757,0.5164439999999999,0.505238,0.5156339999999999,0.5489515,0.5164439999999999,0.5489515,0.5489515
email-Eu-core,0,2.0,dk2dp,degree_matched,1000,0.0556830876467108,16064,16056,0.5061575,0.501972,0.469156,0.497624,0.5493755,0.5061575,0.5493755,0.5493755
email-Eu-core,0,2.0,swap,degree_matched,1000,0.0556830876467108,16064,16064,0.958476,0.96979,0.976228,0.924536,0.9559530000000002,0.96979,0.976228,0.976228
email-Eu-core,0,2.0,edgeflip,degree_matched,1000,0.0556830876467108,16064,72660,0.904085,0.9285,0.9160959999999998,0.8536800000000001,0.8900649999999999,0.9285,0.9160959999999998,0.9285
email-Eu-core,0,3.0,tmf,degree_matched,1000,0.0556830876467108,16064,16109,0.7703025,0.776046,0.80246,0.790044,0.718598,0.790044,0.80246,0.80246
email-Eu-core,0,3.0,dk1dp,degree_matched,1000,0.0556830876467108,16064,14899,0.511183,0.5247700000000001,0.50541,0.530964,0.5619535000000001,0.530964,0.5619535000000001,0.5619535000000001
email-Eu-core,0,3.0,dk2dp,degree_matched,1000,0.0556830876467108,16064,16061,0.5061115,0.503598,0.4906679999999999,0.4938079999999999,0.5587084999999999,0.5061115,0.5587084999999999,0.5587084999999999
email-Eu-core,0,3.0,swap,degree_matched,1000,0.0556830876467108,16064,16064,0.9861835,0.99222,0.99334,0.93684,0.986943,0.99222,0.99334,0.99334
email-Eu-core,0,3.0,edgeflip,degree_matched,1000,0.0556830876467108,16064,38515,0.9731,0.979,0.98458,0.924372,0.971331,0.979,0.98458,0.98458
email-Eu-core,0,5.0,tmf,degree_matched,1000,0.0556830876467108,16064,16133,0.9213215,0.9537600000000002,0.9502079999999998,0.921824,0.9026185,0.9537600000000002,0.9502079999999998,0.9537600000000002
email-Eu-core,0,5.0,dk1dp,degree_matched,1000,0.0556830876467108,16064,14841,0.5145195,0.5152,0.505044,0.488564,0.5594395000000001,0.5152,0.5594395000000001,0.5594395000000001
email-Eu-core,0,5.0,dk2dp,degree_matched,1000,0.0556830876467108,16064,16062,0.5006780000000001,0.512324,0.497464,0.498892,0.5683865,0.512324,0.5683865,0.5683865
email-Eu-core,0,5.0,swap,degree_matched,1000,0.0556830876467108,16064,16064,0.998223,0.998508,0.998284,0.95398,0.997892,0.998508,0.998284,0.998508
email-Eu-core,0,5.0,edgeflip,degree_matched,1000,0.0556830876467108,16064,19183,0.995827,0.9956,0.9968,0.9516,0.994345,0.995827,0.9968,0.9968
email-Eu-core,1,0.5,tmf,degree_matched,1000,0.0565074399475543,16064,15970,0.536213,0.5131020000000001,0.532284,0.5126040000000001,0.6201615,0.536213,0.6201615,0.6201615
email-Eu-core,1,0.5,dk1dp,degree_matched,1000,0.0565074399475543,16064,14966,0.5174930000000001,0.4989659999999999,0.49426,0.502344,0.5589575,0.5174930000000001,0.5589575,0.5589575
email-Eu-core,1,0.5,dk2dp,degree_matched,1000,0.0565074399475543,16064,16109,0.5128175,0.476164,0.527728,0.536092,0.5603720000000001,0.536092,0.5603720000000001,0.5603720000000001
email-Eu-core,1,0.5,swap,degree_matched,1000,0.0565074399475543,16064,16064,0.8124290000000001,0.869244,0.8805540000000001,0.8255920000000001,0.790171,0.869244,0.8805540000000001,0.8805540000000001
email-Eu-core,1,0.5,edgeflip,degree_matched,1000,0.0565074399475543,16064,194742,0.6971750000000001,0.7187760000000001,0.7157439999999999,0.6073000000000001,0.669262,0.7187760000000001,0.7157439999999999,0.7187760000000001
email-Eu-core,1,1.0,tmf,degree_matched,1000,0.0565074399475543,16064,15940,0.580098,0.55505,0.555948,0.5473560000000001,0.6063775,0.580098,0.6063775,0.6063775
email-Eu-core,1,1.0,dk1dp,degree_matched,1000,0.0565074399475543,16064,14875,0.5058819999999999,0.521316,0.5182,0.5190359999999999,0.542732,0.521316,0.542732,0.542732
email-Eu-core,1,1.0,dk2dp,degree_matched,1000,0.0565074399475543,16064,16088,0.5211995,0.498982,0.535516,0.50166,0.566648,0.5211995,0.566648,0.566648
email-Eu-core,1,1.0,swap,degree_matched,1000,0.0565074399475543,16064,16064,0.8523864999999999,0.90806,0.90953,0.854724,0.8564464999999999,0.90806,0.90953,0.90953
email-Eu-core,1,1.0,edgeflip,degree_matched,1000,0.0565074399475543,16064,142585,0.7794679999999999,0.779952,0.791224,0.7113160000000001,0.7411150000000001,0.779952,0.791224,0.791224
email-Eu-core,1,2.0,tmf,degree_matched,1000,0.0565074399475543,16064,16073,0.637905,0.654146,0.6268640000000001,0.603,0.6394005,0.654146,0.6394005,0.654146
email-Eu-core,1,2.0,dk1dp,degree_matched,1000,0.0565074399475543,16064,14826,0.508934,0.483912,0.507744,0.463242,0.543612,0.508934,0.543612,0.543612
email-Eu-core,1,2.0,dk2dp,degree_matched,1000,0.0565074399475543,16064,16048,0.51927,0.5181260000000001,0.53732,0.502282,0.560385,0.51927,0.560385,0.560385
email-Eu-core,1,2.0,swap,degree_matched,1000,0.0565074399475543,16064,16064,0.9513079999999998,0.974488,0.977346,0.92928,0.9462665,0.974488,0.977346,0.977346
email-Eu-core,1,2.0,edgeflip,degree_matched,1000,0.0565074399475543,16064,72439,0.9171429999999998,0.934316,0.925064,0.8603759999999999,0.883109,0.934316,0.925064,0.934316
email-Eu-core,1,3.0,tmf,degree_matched,1000,0.0565074399475543,16064,16050,0.7539445,0.791728,0.7999919999999998,0.790636,0.713121,0.791728,0.7999919999999998,0.7999919999999998
email-Eu-core,1,3.0,dk1dp,degree_matched,1000,0.0565074399475543,16064,14837,0.5082535,0.519394,0.493572,0.47034,0.54278,0.519394,0.54278,0.54278
email-Eu-core,1,3.0,dk2dp,degree_matched,1000,0.0565074399475543,16064,16076,0.5088685000000001,0.481888,0.5083160000000001,0.5471400000000001,0.5428035,0.5471400000000001,0.5428035,0.5471400000000001
email-Eu-core,1,3.0,swap,degree_matched,1000,0.0565074399475543,16064,16064,0.977602,0.983988,0.983472,0.934912,0.978092,0.983988,0.983472,0.983988
email-Eu-core,1,3.0,edgeflip,degree_matched,1000,0.0565074399475543,16064,38231,0.970379,0.975452,0.978128,0.927236,0.949535,0.975452,0.978128,0.978128
email-Eu-core,1,5.0,tmf,degree_matched,1000,0.0565074399475543,16064,16043,0.9247335,0.945008,0.950628,0.915312,0.904129,0.945008,0.950628,0.950628
email-Eu-core,1,5.0,dk1dp,degree_matched,1000,0.0565074399475543,16064,14838,0.506336,0.486344,0.47085,0.508552,0.547278,0.508552,0.547278,0.547278
email-Eu-core,1,5.0,dk2dp,degree_matched,1000,0.0565074399475543,16064,16066,0.5124535,0.495928,0.506948,0.473916,0.560276,0.5124535,0.560276,0.560276
email-Eu-core,1,5.0,swap,degree_matched,1000,0.0565074399475543,16064,16064,0.998086,0.999252,0.9984,0.9496,0.997054,0.999252,0.9984,0.999252
email-Eu-core,1,5.0,edgeflip,degree_matched,1000,0.0565074399475543,16064,19315,0.994483,0.995388,0.992916,0.944228,0.992934,0.995388,0.992934,0.995388
email-Eu-core,2,0.5,tmf,degree_matched,1000,0.043215253560819,16064,15999,0.5265945,0.514378,0.515424,0.5053639999999999,0.6067075,0.5265945,0.6067075,0.6067075
email-Eu-core,2,0.5,dk1dp,degree_matched,1000,0.043215253560819,16064,15036,0.493618,0.4882119999999999,0.50034,0.52054,0.5539955000000001,0.52054,0.5539955000000001,0.5539955000000001
email-Eu-core,2,0.5,dk2dp,degree_matched,1000,0.043215253560819,16064,16087,0.5062435000000001,0.5164719999999999,0.498672,0.505948,0.5612245,0.5164719999999999,0.5612245,0.5612245
email-Eu-core,2,0.5,swap,degree_matched,1000,0.043215253560819,16064,16064,0.815689,0.8789499999999999,0.8908399999999999,0.848732,0.8089685,0.8789499999999999,0.8908399999999999,0.8908399999999999
email-Eu-core,2,0.5,edgeflip,degree_matched,1000,0.043215253560819,16064,193835,0.70325,0.721448,0.7208399999999999,0.618088,0.6745369999999999,0.721448,0.7208399999999999,0.721448
email-Eu-core,2,1.0,tmf,degree_matched,1000,0.043215253560819,16064,16022,0.525953,0.570328,0.594396,0.533792,0.615524,0.570328,0.615524,0.615524
email-Eu-core,2,1.0,dk1dp,degree_matched,1000,0.043215253560819,16064,14925,0.499533,0.47204,0.5124439999999999,0.495232,0.5395894999999999,0.499533,0.5395894999999999,0.5395894999999999
email-Eu-core,2,1.0,dk2dp,degree_matched,1000,0.043215253560819,16064,16053,0.49281,0.4982699999999999,0.500016,0.516468,0.554732,0.516468,0.554732,0.554732
email-Eu-core,2,1.0,swap,degree_matched,1000,0.043215253560819,16064,16064,0.8809715,0.93352,0.925102,0.8949520000000001,0.8781914999999999,0.93352,0.925102,0.93352
email-Eu-core,2,1.0,edgeflip,degree_matched,1000,0.043215253560819,16064,143319,0.7713129999999999,0.7969040000000002,0.819828,0.7104159999999999,0.7327130000000001,0.7969040000000002,0.819828,0.819828
email-Eu-core,2,2.0,tmf,degree_matched,1000,0.043215253560819,16064,15988,0.612408,0.603998,0.658496,0.6151199999999999,0.6081315,0.6151199999999999,0.658496,0.658496
email-Eu-core,2,2.0,dk1dp,degree_matched,1000,0.043215253560819,16064,14896,0.5144365,0.51118,0.518064,0.4876,0.5546314999999999,0.5144365,0.5546314999999999,0.5546314999999999
email-Eu-core,2,2.0,dk2dp,degree_matched,1000,0.043215253560819,16064,16066,0.505301,0.500894,0.50856,0.475284,0.5459689999999999,0.505301,0.5459689999999999,0.5459689999999999
email-Eu-core,2,2.0,swap,degree_matched,1000,0.043215253560819,16064,16064,0.9508945000000002,0.9731019999999998,0.974502,0.928624,0.950567,0.9731019999999998,0.974502,0.974502
email-Eu-core,2,2.0,edgeflip,degree_matched,1000,0.043215253560819,16064,72452,0.904397,0.941436,0.9291199999999998,0.8737079999999999,0.873186,0.941436,0.9291199999999998,0.941436
email-Eu-core,2,3.0,tmf,degree_matched,1000,0.043215253560819,16064,16106,0.7569855000000001,0.776432,0.796376,0.808152,0.7237029999999999,0.808152,0.796376,0.808152
email-Eu-core,2,3.0,dk1dp,degree_matched,1000,0.043215253560819,16064,14839,0.5055685,0.493756,0.5204599999999999,0.51096,0.548095,0.51096,0.548095,0.548095
email-Eu-core,2,3.0,dk2dp,degree_matched,1000,0.043215253560819,16064,16064,0.5156904999999999,0.490046,0.5001599999999999,0.500592,0.5539769999999999,0.5156904999999999,0.5539769999999999,0.5539769999999999
email-Eu-core,2,3.0,swap,degree_matched,1000,0.043215253560819,16064,16064,0.980156,0.990036,0.993356,0.949112,0.9805339999999998,0.990036,0.993356,0.993356
email-Eu-core,2,3.0,edgeflip,degree_matched,1000,0.043215253560819,16064,38458,0.971337,0.97708,0.977128,0.922628,0.961371,0.97708,0.977128,0.977128
email-Eu-core,2,5.0,tmf,degree_matched,1000,0.043215253560819,16064,16155,0.9266735,0.943208,0.947764,0.90462,0.9077660000000002,0.943208,0.947764,0.947764
email-Eu-core,2,5.0,dk1dp,degree_matched,1000,0.043215253560819,16064,14910,0.500481,0.482488,0.501172,0.49592,0.5422119999999999,0.500481,0.5422119999999999,0.5422119999999999
email-Eu-core,2,5.0,dk2dp,degree_matched,1000,0.043215253560819,16064,16062,0.514709,0.526912,0.50222,0.4649839999999999,0.5532815,0.526912,0.5532815,0.5532815
email-Eu-core,2,5.0,swap,degree_matched,1000,0.043215253560819,16064,16064,0.9966765,0.997092,0.999586,0.955796,0.9969345,0.997092,0.999586,0.999586
email-Eu-core,2,5.0,edgeflip,degree_matched,1000,0.043215253560819,16064,19230,0.99651,0.999088,0.997568,0.95374,0.996418,0.999088,0.997568,0.999088
ego-Facebook,0,0.5,tmf,degree_matched,1000,0.0502778709440881,88234,88243,0.520068,0.510508,0.571852,0.49268,0.5853925,0.520068,0.5853925,0.5853925
ego-Facebook,0,0.5,dk1dp,degree_matched,1000,0.0502778709440881,88234,85899,0.502389,0.51308,0.559512,0.489438,0.538749,0.51308,0.559512,0.559512
ego-Facebook,0,0.5,dk2dp,degree_matched,1000,0.0502778709440881,88234,88212,0.509516,0.5549379999999999,0.5015320000000001,0.54976,0.534652,0.5549379999999999,0.534652,0.5549379999999999
ego-Facebook,0,0.5,swap,degree_matched,1000,0.0502778709440881,88234,88234,0.936755,0.986486,0.98762,0.9559959999999998,0.9497215,0.986486,0.98762,0.98762
ego-Facebook,0,1.0,tmf,degree_matched,1000,0.0502778709440881,88234,87669,0.513666,0.528652,0.565536,0.511624,0.5660999999999999,0.528652,0.5660999999999999,0.5660999999999999
ego-Facebook,0,1.0,dk1dp,degree_matched,1000,0.0502778709440881,88234,85528,0.5062139999999999,0.545398,0.54982,0.507672,0.54883,0.545398,0.54982,0.54982
ego-Facebook,0,1.0,dk2dp,degree_matched,1000,0.0502778709440881,88234,88225,0.5220535,0.5453859999999999,0.5504,0.5740959999999999,0.5505610000000001,0.5740959999999999,0.5505610000000001,0.5740959999999999
ego-Facebook,0,1.0,swap,degree_matched,1000,0.0502778709440881,88234,88234,0.9701715,0.989584,0.99255,0.972112,0.9797805,0.989584,0.99255,0.99255
ego-Facebook,0,2.0,tmf,degree_matched,1000,0.0502778709440881,88234,89109,0.597314,0.6060619999999999,0.617748,0.7103200000000001,0.6200490000000001,0.7103200000000001,0.6200490000000001,0.7103200000000001
ego-Facebook,0,2.0,dk1dp,degree_matched,1000,0.0502778709440881,88234,85621,0.4998755,0.4645,0.5271779999999999,0.499548,0.5341135,0.4998755,0.5341135,0.5341135
ego-Facebook,0,2.0,dk2dp,degree_matched,1000,0.0502778709440881,88234,88242,0.5193730000000001,0.515668,0.5322600000000001,0.570676,0.5437585,0.570676,0.5437585,0.570676
ego-Facebook,0,2.0,swap,degree_matched,1000,0.0502778709440881,88234,88234,0.9918555,0.998088,0.998016,0.981216,0.991093,0.998088,0.998016,0.998088
ego-Facebook,0,3.0,tmf,degree_matched,1000,0.0502778709440881,88234,88176,0.750978,0.796262,0.80688,0.917532,0.7136925000000001,0.917532,0.80688,0.917532
ego-Facebook,0,3.0,dk1dp,degree_matched,1000,0.0502778709440881,88234,85691,0.5032065,0.5313,0.509418,0.509316,0.548852,0.5313,0.548852,0.548852
ego-Facebook,0,3.0,dk2dp,degree_matched,1000,0.0502778709440881,88234,88229,0.5248045,0.528984,0.533808,0.571912,0.5441885,0.571912,0.5441885,0.571912
ego-Facebook,0,3.0,swap,degree_matched,1000,0.0502778709440881,88234,88234,0.998964,0.998092,0.99806,0.979968,0.995892,0.998964,0.99806,0.998964
ego-Facebook,0,5.0,tmf,degree_matched,1000,0.0502778709440881,88234,88169,0.978214,0.988866,0.987624,0.971264,0.9762295,0.988866,0.987624,0.988866
ego-Facebook,0,5.0,dk1dp,degree_matched,1000,0.0502778709440881,88234,85608,0.5030884999999999,0.5064460000000001,0.554318,0.537988,0.5354285,0.537988,0.554318,0.554318
ego-Facebook,0,5.0,dk2dp,degree_matched,1000,0.0502778709440881,88234,88229,0.522156,0.5500160000000001,0.557416,0.589896,0.5460015,0.589896,0.557416,0.589896
ego-Facebook,0,5.0,swap,degree_matched,1000,0.0502778709440881,88234,88234,0.9991645,0.999738,0.999544,0.97932,0.997753,0.999738,0.999544,0.999738
ego-Facebook,1,0.5,tmf,degree_matched,1000,0.0555942336775262,88234,88096,0.5057595,0.512706,0.579516,0.509912,0.583393,0.512706,0.583393,0.583393
ego-Facebook,1,0.5,dk1dp,degree_matched,1000,0.0555942336775262,88234,86087,0.509499,0.539866,0.5627279999999999,0.5142439999999999,0.5466405000000001,0.539866,0.5627279999999999,0.5627279999999999
ego-Facebook,1,0.5,dk2dp,degree_matched,1000,0.0555942336775262,88234,88207,0.521702,0.539832,0.526396,0.59124,0.5420784999999999,0.59124,0.5420784999999999,0.59124
ego-Facebook,1,0.5,swap,degree_matched,1000,0.0555942336775262,88234,88234,0.927009,0.98271,0.987212,0.936924,0.95323,0.98271,0.987212,0.987212
ego-Facebook,1,1.0,tmf,degree_matched,1000,0.0555942336775262,88234,88022,0.520285,0.501868,0.577302,0.517544,0.5822645,0.520285,0.5822645,0.5822645
ego-Facebook,1,1.0,dk1dp,degree_matched,1000,0.0555942336775262,88234,85667,0.5213655,0.512836,0.5645,0.516236,0.5583899999999999,0.5213655,0.5645,0.5645
ego-Facebook,1,1.0,dk2dp,degree_matched,1000,0.0555942336775262,88234,88261,0.537004,0.536772,0.53216,0.600304,0.550979,0.600304,0.550979,0.600304
ego-Facebook,1,1.0,swap,degree_matched,1000,0.0555942336775262,88234,88234,0.965037,0.990224,0.991332,0.954912,0.9740565,0.990224,0.991332,0.991332
ego-Facebook,1,2.0,tmf,degree_matched,1000,0.0555942336775262,88234,88223,0.5633095,0.57893,0.62402,0.744916,0.5887725,0.744916,0.62402,0.744916
ego-Facebook,1,2.0,dk1dp,degree_matched,1000,0.0555942336775262,88234,85597,0.503665,0.4690419999999999,0.5266379999999999,0.523276,0.533551,0.523276,0.533551,0.533551
ego-Facebook,1,2.0,dk2dp,degree_matched,1000,0.0555942336775262,88234,88231,0.527107,0.536084,0.533956,0.569808,0.5418895,0.569808,0.5418895,0.569808
ego-Facebook,1,2.0,swap,degree_matched,1000,0.0555942336775262,88234,88234,0.992461,0.9954,0.996012,0.973876,0.988511,0.9954,0.996012,0.996012
ego-Facebook,1,3.0,tmf,degree_matched,1000,0.0555942336775262,88234,88064,0.7564655,0.8121079999999999,0.7984,0.904124,0.7240575,0.904124,0.7984,0.904124
ego-Facebook,1,3.0,dk1dp,degree_matched,1000,0.0555942336775262,88234,85500,0.5081789999999999,0.471408,0.519566,0.491064,0.550685,0.5081789999999999,0.550685,0.550685
ego-Facebook,1,3.0,dk2dp,degree_matched,1000,0.0555942336775262,88234,88240,0.5177355,0.501358,0.5282199999999999,0.549228,0.5364805,0.549228,0.5364805,0.549228
ego-Facebook,1,3.0,swap,degree_matched,1000,0.0555942336775262,88234,88234,0.9985305,0.998412,0.999364,0.977932,0.996299,0.9985305,0.999364,0.999364
ego-Facebook,1,5.0,tmf,degree_matched,1000,0.0555942336775262,88234,88301,0.968472,0.98139,0.980108,0.965056,0.963418,0.98139,0.980108,0.98139
ego-Facebook,1,5.0,dk1dp,degree_matched,1000,0.0555942336775262,88234,85673,0.51202,0.50107,0.56353,0.505564,0.542287,0.51202,0.56353,0.56353
ego-Facebook,1,5.0,dk2dp,degree_matched,1000,0.0555942336775262,88234,88232,0.5203635000000001,0.554114,0.5435319999999999,0.566036,0.538103,0.566036,0.5435319999999999,0.566036
ego-Facebook,1,5.0,swap,degree_matched,1000,0.0555942336775262,88234,88234,0.999651,0.999752,0.999896,0.98242,0.997929,0.999752,0.999896,0.999896
ego-Facebook,2,0.5,tmf,degree_matched,1000,0.057517125059996,88234,88189,0.5228315,0.4971239999999999,0.555492,0.512784,0.5773490000000001,0.5228315,0.5773490000000001,0.5773490000000001
ego-Facebook,2,0.5,dk1dp,degree_matched,1000,0.057517125059996,88234,85944,0.514111,0.542858,0.5314880000000001,0.496362,0.5468935,0.542858,0.5468935,0.5468935
ego-Facebook,2,0.5,dk2dp,degree_matched,1000,0.057517125059996,88234,88217,0.5232295,0.534618,0.528468,0.5611999999999999,0.5391584999999999,0.5611999999999999,0.5391584999999999,0.5611999999999999
ego-Facebook,2,0.5,swap,degree_matched,1000,0.057517125059996,88234,88234,0.924944,0.983178,0.982552,0.95164,0.951943,0.983178,0.982552,0.983178
ego-Facebook,2,1.0,tmf,degree_matched,1000,0.057517125059996,88234,88202,0.5144245,0.516146,0.5647679999999999,0.492148,0.570586,0.516146,0.570586,0.570586
ego-Facebook,2,1.0,dk1dp,degree_matched,1000,0.057517125059996,88234,85846,0.5020465000000001,0.52498,0.527986,0.480006,0.5406225,0.52498,0.5406225,0.5406225
ego-Facebook,2,1.0,dk2dp,degree_matched,1000,0.057517125059996,88234,88223,0.523875,0.5273760000000001,0.57152,0.546836,0.542335,0.546836,0.57152,0.57152
ego-Facebook,2,1.0,swap,degree_matched,1000,0.057517125059996,88234,88234,0.961333,0.988644,0.987868,0.952548,0.9691455,0.988644,0.987868,0.988644
ego-Facebook,2,2.0,tmf,degree_matched,1000,0.057517125059996,88234,88494,0.600828,0.5971339999999999,0.656594,0.6977439999999999,0.5887165000000001,0.6977439999999999,0.656594,0.6977439999999999
ego-Facebook,2,2.0,dk1dp,degree_matched,1000,0.057517125059996,88234,85634,0.50739,0.5056419999999999,0.574052,0.503444,0.5437315,0.50739,0.574052,0.574052
ego-Facebook,2,2.0,dk2dp,degree_matched,1000,0.057517125059996,88234,88244,0.5204305,0.535582,0.544336,0.512412,0.5372060000000001,0.535582,0.544336,0.544336
ego-Facebook,2,2.0,swap,degree_matched,1000,0.057517125059996,88234,88234,0.99,0.996868,0.995988,0.964468,0.9865725,0.996868,0.995988,0.996868
ego-Facebook,2,3.0,tmf,degree_matched,1000,0.057517125059996,88234,88371,0.729652,0.793876,0.798384,0.878752,0.7015374999999999,0.878752,0.798384,0.878752
ego-Facebook,2,3.0,dk1dp,degree_matched,1000,0.057517125059996,88234,85663,0.5105279999999999,0.50487,0.5276879999999999,0.4957759999999999,0.5426145,0.5105279999999999,0.5426145,0.5426145
ego-Facebook,2,3.0,dk2dp,degree_matched,1000,0.057517125059996,88234,88228,0.5274745000000001,0.527696,0.543716,0.586104,0.5402325,0.586104,0.543716,0.586104
ego-Facebook,2,3.0,swap,degree_matched,1000,0.057517125059996,88234,88234,0.9974125,0.99894,0.998916,0.963472,0.9941,0.99894,0.998916,0.99894
ego-Facebook,2,5.0,tmf,degree_matched,1000,0.057517125059996,88234,88878,0.9643975,0.9826,0.971404,0.955244,0.959323,0.9826,0.971404,0.9826
ego-Facebook,2,5.0,dk1dp,degree_matched,1000,0.057517125059996,88234,85667,0.512448,0.544512,0.541824,0.523452,0.53527,0.544512,0.541824,0.544512
ego-Facebook,2,5.0,dk2dp,degree_matched,1000,0.057517125059996,88234,88227,0.5230965000000001,0.497,0.511824,0.584052,0.5418045,0.584052,0.5418045,0.584052
ego-Facebook,2,5.0,swap,degree_matched,1000,0.057517125059996,88234,88234,0.999853,0.999964,0.99998,0.965188,0.99803,0.999964,0.99998,0.99998
ca-GrQc,0,0.5,tmf,degree_matched,1000,0.1412775689860068,14484,14448,0.5005090000000001,0.4896999999999999,0.64721,0.484016,0.6234645000000001,0.5005090000000001,0.64721,0.64721
ca-GrQc,0,0.5,dk1dp,degree_matched,1000,0.1412775689860068,14484,16698,0.5135775,0.51488,0.5359259999999999,0.501552,0.5562320000000001,0.51488,0.5562320000000001,0.5562320000000001
ca-GrQc,0,0.5,dk2dp,degree_matched,1000,0.1412775689860068,14484,14526,0.5268959999999999,0.551294,0.593992,0.502324,0.572545,0.551294,0.593992,0.593992
ca-GrQc,0,0.5,swap,degree_matched,1000,0.1412775689860068,14484,14484,0.9241535,0.953758,0.957642,0.7661279999999999,0.9015905,0.953758,0.957642,0.957642
ca-GrQc,0,1.0,tmf,degree_matched,1000,0.1412775689860068,14484,14405,0.5035065,0.4956699999999999,0.616368,0.4801999999999999,0.6243584999999999,0.5035065,0.6243584999999999,0.6243584999999999
ca-GrQc,0,1.0,dk1dp,degree_matched,1000,0.1412775689860068,14484,15100,0.5157084999999999,0.525174,0.539664,0.494064,0.557597,0.525174,0.557597,0.557597
ca-GrQc,0,1.0,dk2dp,degree_matched,1000,0.1412775689860068,14484,14476,0.534721,0.577596,0.6021380000000001,0.529208,0.5479335000000001,0.577596,0.6021380000000001,0.6021380000000001
ca-GrQc,0,1.0,swap,degree_matched,1000,0.1412775689860068,14484,14484,0.957869,0.976976,0.977306,0.822052,0.9449555,0.976976,0.977306,0.977306
ca-GrQc,0,2.0,tmf,degree_matched,1000,0.1412775689860068,14484,14633,0.503517,0.471938,0.63139,0.51276,0.632924,0.51276,0.632924,0.632924
ca-GrQc,0,2.0,dk1dp,degree_matched,1000,0.1412775689860068,14484,14557,0.5116689999999999,0.5267379999999999,0.554652,0.5100119999999999,0.5519965,0.5267379999999999,0.554652,0.554652
ca-GrQc,0,2.0,dk2dp,degree_matched,1000,0.1412775689860068,14484,14482,0.5481195,0.604978,0.57755,0.5914139999999999,0.5573644999999999,0.604978,0.57755,0.604978
ca-GrQc,0,2.0,swap,degree_matched,1000,0.1412775689860068,14484,14484,0.988393,0.995962,0.995596,0.8515760000000001,0.981713,0.995962,0.995596,0.995962
ca-GrQc,0,3.0,tmf,degree_matched,1000,0.1412775689860068,14484,14379,0.51355,0.530388,0.66332,0.516928,0.627741,0.530388,0.66332,0.66332
ca-GrQc,0,3.0,dk1dp,degree_matched,1000,0.1412775689860068,14484,14507,0.525945,0.5151399999999999,0.5294639999999999,0.513936,0.5595650000000001,0.525945,0.5595650000000001,0.5595650000000001
ca-GrQc,0,3.0,dk2dp,degree_matched,1000,0.1412775689860068,14484,14482,0.5436374999999999,0.590522,0.5886300000000001,0.581536,0.5508715,0.590522,0.5886300000000001,0.590522
ca-GrQc,0,3.0,swap,degree_matched,1000,0.1412775689860068,14484,14484,0.995014,0.99894,0.999068,0.8870200000000001,0.990136,0.99894,0.999068,0.999068
ca-GrQc,0,5.0,tmf,degree_matched,1000,0.1412775689860068,14484,14416,0.597251,0.619398,0.69191,0.6820160000000001,0.6377210000000001,0.6820160000000001,0.69191,0.69191
ca-GrQc,0,5.0,dk1dp,degree_matched,1000,0.1412775689860068,14484,14427,0.5203855000000001,0.521854,0.5426420000000001,0.5010239999999999,0.5536035,0.521854,0.5536035,0.5536035
ca-GrQc,0,5.0,dk2dp,degree_matched,1000,0.1412775689860068,14484,14487,0.5570825,0.634312,0.5999840000000001,0.600348,0.5596545,0.634312,0.5999840000000001,0.634312
ca-GrQc,0,5.0,swap,degree_matched,1000,0.1412775689860068,14484,14484,0.999961,0.999968,0.999992,0.896892,0.999809,0.999968,0.999992,0.999992
ca-GrQc,1,0.5,tmf,degree_matched,1000,0.1479889809802307,14484,14539,0.5025069999999999,0.4752059999999999,0.631042,0.49014,0.6295829999999999,0.5025069999999999,0.631042,0.631042
ca-GrQc,1,0.5,dk1dp,degree_matched,1000,0.1479889809802307,14484,16819,0.524318,0.521536,0.55059,0.520808,0.5705425000000001,0.524318,0.5705425000000001,0.5705425000000001
ca-GrQc,1,0.5,dk2dp,degree_matched,1000,0.1479889809802307,14484,14428,0.531419,0.527146,0.5883879999999999,0.5108400000000001,0.5705975,0.531419,0.5883879999999999,0.5883879999999999
ca-GrQc,1,0.5,swap,degree_matched,1000,0.1479889809802307,14484,14484,0.922599,0.948158,0.95625,0.7951919999999999,0.902934,0.948158,0.95625,0.95625
ca-GrQc,1,1.0,tmf,degree_matched,1000,0.1479889809802307,14484,14550,0.5010129999999999,0.479996,0.623212,0.498544,0.630131,0.5010129999999999,0.630131,0.630131
ca-GrQc,1,1.0,dk1dp,degree_matched,1000,0.1479889809802307,14484,15122,0.520662,0.4955920000000001,0.545858,0.476292,0.563423,0.520662,0.563423,0.563423
ca-GrQc,1,1.0,dk2dp,degree_matched,1000,0.1479889809802307,14484,14482,0.5467745,0.6045579999999999,0.588606,0.514456,0.5543935,0.6045579999999999,0.588606,0.6045579999999999
ca-GrQc,1,1.0,swap,degree_matched,1000,0.1479889809802307,14484,14484,0.9633895,0.981618,0.980192,0.8108399999999999,0.9470124999999998,0.981618,0.980192,0.981618
ca-GrQc,1,2.0,tmf,degree_matched,1000,0.1479889809802307,14484,14518,0.503513,0.4974579999999999,0.649434,0.520456,0.621026,0.520456,0.649434,0.649434
ca-GrQc,1,2.0,dk1dp,degree_matched,1000,0.1479889809802307,14484,14577,0.525219,0.5141359999999999,0.539434,0.503456,0.5643955,0.525219,0.5643955,0.5643955
ca-GrQc,1,2.0,dk2dp,degree_matched,1000,0.1479889809802307,14484,14481,0.552098,0.5798639999999999,0.578784,0.5679559999999999,0.571788,0.5798639999999999,0.578784,0.5798639999999999
ca-GrQc,1,2.0,swap,degree_matched,1000,0.1479889809802307,14484,14484,0.996525,0.99787,0.99765,0.87588,0.9939165,0.99787,0.99765,0.99787
ca-GrQc,1,3.0,tmf,degree_matched,1000,0.1479889809802307,14484,14563,0.510025,0.5293239999999999,0.624594,0.516964,0.6257815000000001,0.5293239999999999,0.6257815000000001,0.6257815000000001
ca-GrQc,1,3.0,dk1dp,degree_matched,1000,0.1479889809802307,14484,14386,0.513595,0.4871779999999999,0.554384,0.5075040000000001,0.5513075000000001,0.513595,0.554384,0.554384
ca-GrQc,1,3.0,dk2dp,degree_matched,1000,0.1479889809802307,14484,14486,0.563303,0.6322019999999999,0.624158,0.6085639999999999,0.557461,0.6322019999999999,0.624158,0.6322019999999999
ca-GrQc,1,3.0,swap,degree_matched,1000,0.1479889809802307,14484,14484,0.996791,0.997794,0.999992,0.890636,0.9948789999999998,0.997794,0.999992,0.999992
ca-GrQc,1,5.0,tmf,degree_matched,1000,0.1479889809802307,14484,14494,0.592185,0.6155660000000001,0.69135,0.7087999999999999,0.6254824999999999,0.7087999999999999,0.69135,0.7087999999999999
ca-GrQc,1,5.0,dk1dp,degree_matched,1000,0.1479889809802307,14484,14439,0.5338390000000001,0.550016,0.5642739999999999,0.49678,0.550852,0.550016,0.5642739999999999,0.5642739999999999
ca-GrQc,1,5.0,dk2dp,degree_matched,1000,0.1479889809802307,14484,14481,0.5566575,0.594482,0.598054,0.591594,0.5683085,0.594482,0.598054,0.598054
ca-GrQc,1,5.0,swap,degree_matched,1000,0.1479889809802307,14484,14484,0.9984345,0.999862,0.998996,0.902896,0.9967525,0.999862,0.998996,0.999862
ca-GrQc,2,0.5,tmf,degree_matched,1000,0.1397886377680587,14484,14378,0.499487,0.50784,0.62912,0.497624,0.626181,0.50784,0.62912,0.62912
ca-GrQc,2,0.5,dk1dp,degree_matched,1000,0.1397886377680587,14484,17016,0.5122355000000001,0.507786,0.54569,0.535458,0.5653524999999999,0.535458,0.5653524999999999,0.5653524999999999
ca-GrQc,2,0.5,dk2dp,degree_matched,1000,0.1397886377680587,14484,14443,0.5220535000000001,0.528718,0.579634,0.5057079999999999,0.5720535000000001,0.528718,0.579634,0.579634
ca-GrQc,2,0.5,swap,degree_matched,1000,0.1397886377680587,14484,14484,0.9235595,0.959732,0.957614,0.79056,0.9005085,0.959732,0.957614,0.959732
ca-GrQc,2,1.0,tmf,degree_matched,1000,0.1397886377680587,14484,14450,0.502497,0.5117419999999999,0.630908,0.48532,0.6333865,0.5117419999999999,0.6333865,0.6333865
ca-GrQc,2,1.0,dk1dp,degree_matched,1000,0.1397886377680587,14484,15316,0.517541,0.4994499999999999,0.530074,0.4967479999999999,0.556763,0.517541,0.556763,0.556763
ca-GrQc,2,1.0,dk2dp,degree_matched,1000,0.1397886377680587,14484,14472,0.546334,0.5909319999999999,0.55563,0.514344,0.5587935,0.5909319999999999,0.5587935,0.5909319999999999
ca-GrQc,2,1.0,swap,degree_matched,1000,0.1397886377680587,14484,14484,0.9636295,0.975256,0.973576,0.8308679999999999,0.9487885,0.975256,0.973576,0.975256
ca-GrQc,2,2.0,tmf,degree_matched,1000,0.1397886377680587,14484,14688,0.5074945,0.489878,0.6628899999999999,0.4860279999999999,0.6326555,0.5074945,0.6628899999999999,0.6628899999999999
ca-GrQc,2,2.0,dk1dp,degree_matched,1000,0.1397886377680587,14484,14578,0.5090524999999999,0.526676,0.5364880000000001,0.499058,0.5637975,0.526676,0.5637975,0.5637975
ca-GrQc,2,2.0,dk2dp,degree_matched,1000,0.1397886377680587,14484,14479,0.554831,0.584218,0.57932,0.577144,0.5593385,0.584218,0.57932,0.584218
ca-GrQc,2,2.0,swap,degree_matched,1000,0.1397886377680587,14484,14484,0.9871035,0.995646,0.99587,0.875034,0.979277,0.995646,0.99587,0.99587
ca-GrQc,2,3.0,tmf,degree_matched,1000,0.1397886377680587,14484,14380,0.504606,0.492744,0.650436,0.49244,0.6226235,0.504606,0.650436,0.650436
ca-GrQc,2,3.0,dk1dp,degree_matched,1000,0.1397886377680587,14484,14433,0.511621,0.523346,0.530212,0.491488,0.5568445000000001,0.523346,0.5568445000000001,0.5568445000000001
ca-GrQc,2,3.0,dk2dp,degree_matched,1000,0.1397886377680587,14484,14494,0.5418845000000001,0.601242,0.594474,0.583164,0.5510099999999999,0.601242,0.594474,0.601242
ca-GrQc,2,3.0,swap,degree_matched,1000,0.1397886377680587,14484,14484,0.997072,0.996314,0.997742,0.897178,0.995433,0.997072,0.997742,0.997742
ca-GrQc,2,5.0,tmf,degree_matched,1000,0.1397886377680587,14484,14461,0.5932615,0.6357,0.7023600000000001,0.6897479999999999,0.6319184999999999,0.6897479999999999,0.7023600000000001,0.7023600000000001
ca-GrQc,2,5.0,dk1dp,degree_matched,1000,0.1397886377680587,14484,14427,0.529309,0.540404,0.5514399999999999,0.529408,0.550563,0.540404,0.5514399999999999,0.5514399999999999
ca-GrQc,2,5.0,dk2dp,degree_matched,1000,0.1397886377680587,14484,14487,0.55867,0.614444,0.60347,0.5701480000000001,0.5649644999999999,0.614444,0.60347,0.614444
ca-GrQc,2,5.0,swap,degree_matched,1000,0.1397886377680587,14484,14484,0.999997,1.0,1.0,0.884966,0.999989,1.0,1.0,1.0
com-DBLP,0,0.5,tmf,degree_matched,1000,0.1139439937923751,1049866,1049893,0.5,0.512118,0.527462,0.506684,0.5061305,0.512118,0.527462,0.527462
com-DBLP,0,0.5,dk1dp,degree_matched,1000,0.1139439937923751,1049866,1173314,0.5010025,0.519184,0.5035999999999999,0.532424,0.5264019999999999,0.532424,0.5264019999999999,0.532424
com-DBLP,0,0.5,dk2dp,degree_matched,1000,0.1139439937923751,1049866,1049832,0.5055029999999999,0.490522,0.536048,0.5156580000000001,0.5017925,0.5156580000000001,0.536048,0.536048
com-DBLP,0,0.5,swap,degree_matched,1000,0.1139439937923751,1049866,1049866,0.939168,0.962598,0.957676,0.660168,0.915607,0.962598,0.957676,0.962598
com-DBLP,0,1.0,tmf,degree_matched,1000,0.1139439937923751,1049866,1051099,0.5,0.509116,0.529746,0.507784,0.492427,0.509116,0.529746,0.529746
com-DBLP,0,1.0,dk1dp,degree_matched,1000,0.1099228655539068,1049866,1082845,0.5049969999999999,0.4808639999999999,0.5273939999999999,0.492134,0.5008535,0.5049969999999999,0.5273939999999999,0.5273939999999999
com-DBLP,0,1.0,dk2dp,degree_matched,1000,0.1099228655539068,1049866,1049868,0.502003,0.502502,0.5078579999999999,0.522354,0.5085945000000001,0.522354,0.5085945000000001,0.522354
com-DBLP,0,1.0,swap,degree_matched,1000,0.1099228655539068,1049866,1049866,0.970682,0.983138,0.984048,0.665868,0.9531725,0.983138,0.984048,0.984048
com-DBLP,1,1.0,tmf,degree_matched,1000,0.1174889664553195,1049866,1051001,0.5,0.4961319999999999,0.5638700000000001,0.5259780000000001,0.5162264999999999,0.5259780000000001,0.5638700000000001,0.5638700000000001
com-DBLP,1,1.0,dk1dp,degree_matched,1000,0.1174889664553195,1049866,1083692,0.500498,0.470018,0.52166,0.498368,0.508585,0.500498,0.52166,0.52166
com-DBLP,1,1.0,dk2dp,degree_matched,1000,0.1174889664553195,1049866,1049870,0.5064975,0.505946,0.5230400000000001,0.510312,0.507424,0.510312,0.5230400000000001,0.5230400000000001
com-DBLP,1,1.0,swap,degree_matched,1000,0.1174889664553195,1049866,1049866,0.974374,0.982832,0.980002,0.68842,0.958212,0.982832,0.980002,0.982832
com-DBLP,2,1.0,tmf,degree_matched,1000,0.1426159797937634,1049866,1050163,0.5,0.4950379999999999,0.52549,0.482894,0.5037499999999999,0.5,0.52549,0.52549
com-DBLP,2,1.0,dk1dp,degree_matched,1000,0.1426159797937634,1049866,1083148,0.5045029999999999,0.519078,0.50724,0.520922,0.511354,0.520922,0.511354,0.520922
com-DBLP,2,1.0,dk2dp,degree_matched,1000,0.1426159797937634,1049866,1049877,0.5060045,0.5184,0.544006,0.508692,0.5159395,0.5184,0.544006,0.544006
com-DBLP,2,1.0,swap,degree_matched,1000,0.1426159797937634,1049866,1049866,0.971889,0.981612,0.9812,0.6605399999999999,0.9581185,0.981612,0.9812,0.981612
ogbl-collab,0,1.0,tmf,degree_matched,1000,0.1466026567123658,967632,967189,0.499,0.492836,0.56223,0.489584,0.5033985000000001,0.499,0.56223,0.56223
ogbl-collab,0,1.0,dk1dp,degree_matched,1000,0.1466026567123658,967632,987502,0.5020114999999999,0.50804,0.499344,0.521976,0.5096785,0.521976,0.5096785,0.521976
ogbl-collab,0,1.0,dk2dp,degree_matched,1000,0.1466026567123658,967632,967619,0.514512,0.523962,0.520708,0.48842,0.5007745,0.523962,0.520708,0.523962
ogbl-collab,0,1.0,swap,degree_matched,1000,0.1466026567123658,967632,967632,0.986897,0.993078,0.990668,0.680148,0.975097,0.993078,0.990668,0.993078
ogbl-collab,1,1.0,tmf,degree_matched,1000,0.1585528585140324,967632,967405,0.4995,0.5021680000000001,0.5448839999999999,0.492564,0.4960885,0.5021680000000001,0.5448839999999999,0.5448839999999999
ogbl-collab,1,1.0,dk1dp,degree_matched,1000,0.1585528585140324,967632,988213,0.5055165,0.4983459999999999,0.507096,0.500604,0.506105,0.5055165,0.507096,0.507096
ogbl-collab,1,1.0,dk2dp,degree_matched,1000,0.1585528585140324,967632,967649,0.5171155000000001,0.514398,0.524468,0.507256,0.5128900000000001,0.5171155000000001,0.524468,0.524468
ogbl-collab,1,1.0,swap,degree_matched,1000,0.1585528585140324,967632,967632,0.981251,0.986404,0.985392,0.621848,0.967884,0.986404,0.985392,0.986404
ogbl-collab,2,1.0,tmf,degree_matched,1000,0.1629787588354342,967632,967484,0.5,0.4687719999999999,0.5799839999999999,0.501852,0.4806185,0.501852,0.5799839999999999,0.5799839999999999
ogbl-collab,2,1.0,dk1dp,degree_matched,1000,0.1629787588354342,967632,987930,0.5074475,0.487624,0.5308980000000001,0.47779,0.505254,0.5074475,0.5308980000000001,0.5308980000000001
ogbl-collab,2,1.0,dk2dp,degree_matched,1000,0.1629787588354342,967632,967642,0.5135599999999999,0.4965859999999999,0.493644,0.52109,0.513483,0.52109,0.513483,0.52109
ogbl-collab,2,1.0,swap,degree_matched,1000,0.1629787588354342,967632,967632,0.980343,0.98221,0.987206,0.648788,0.9670685,0.98221,0.987206,0.987206
