dataset,seed,eps,mechanism,provenance,m_orig,m_released,auc_heur,auc_logreg,auc_degaware,auc_svd,auc_seed,auc_max,deg_dist_norm,clust_err,spec_err,comm_nmi_gt
email-Eu-core,0,0.5,PrivGraph,official-core-sparse-reimplementation,16064,16210,0.6451954999999999,0.709956,0.891008,0.6933600000000001,0.793306,0.891008,0.5169945219123504,0.3307929339363269,0.4868805546288283,0.1954442362680926
email-Eu-core,0,0.5,DPGVAE,paper-derived-compatible-reimplementation,16064,16064,0.5848055000000001,0.627946,0.8597239999999999,0.5734159999999999,0.762803,0.8597239999999999,0.5001245019920316,0.3005544844961072,0.506326241129956,0.0766758045504008
email-Eu-core,0,0.5,DPGGAN,paper-derived-compatible-reimplementation,16064,16064,0.8406385000000001,0.863276,0.873704,0.8112879999999999,0.868187,0.873704,0.2688620517928286,0.1736361906835214,0.1236389733495824,0.3213965020090309
email-Eu-core,0,0.5,GraphPub,paper-derived-compatible-reimplementation-no-public-code-found,16064,16013,0.862192,0.890936,0.898404,0.8639279999999998,0.9020255,0.9020255,0.0163097609561753,0.2513197496956086,0.0296141289130689,0.1265988150485542
email-Eu-core,0,0.5,PrivDPR,paper-derived-compatible-reimplementation,16064,16064,0.7967804999999999,0.8290320000000002,0.8565720000000001,0.7700920000000001,0.8274595,0.8565720000000001,0.4852465139442231,0.1547946884006039,0.4705146641139261,0.4378836827444568
email-Eu-core,0,1.0,PrivGraph,official-core-sparse-reimplementation,16064,16136,0.6787280000000001,0.742972,0.8913760000000001,0.7248600000000001,0.8212,0.8913760000000001,0.5478087649402388,0.3381978198512174,0.5157904419240975,0.2139429852291299
email-Eu-core,0,1.0,DPGVAE,paper-derived-compatible-reimplementation,16064,16064,0.676389,0.707376,0.8833880000000001,0.691484,0.8081475,0.8833880000000001,0.4213147410358565,0.2901474630485514,0.4594124837942257,0.0786778010627845
email-Eu-core,0,1.0,DPGGAN,paper-derived-compatible-reimplementation,16064,16064,0.825357,0.8287519999999999,0.8767759999999999,0.78708,0.8613034999999999,0.8767759999999999,0.4269173306772909,0.1699082654690422,0.3431007459607558,0.4180139148373224
email-Eu-core,0,1.0,GraphPub,paper-derived-compatible-reimplementation-no-public-code-found,16064,16074,0.8438475,0.87654,0.871968,0.833624,0.8835770000000001,0.8835770000000001,0.0216010956175298,0.2560947273943323,0.0167419744259982,0.1090782856548169
email-Eu-core,0,1.0,PrivDPR,paper-derived-compatible-reimplementation,16064,16064,0.7935025000000001,0.8080539999999999,0.849418,0.7466360000000002,0.8272699999999998,0.849418,0.4935258964143426,0.1526046047253047,0.4731566187002742,0.4337122005962233
email-Eu-core,0,2.0,PrivGraph,official-core-sparse-reimplementation,16064,16083,0.6766995000000001,0.752022,0.879292,0.7247,0.8039769999999999,0.879292,0.5194223107569719,0.3372532421097856,0.4984664144747357,0.2084947990690416
email-Eu-core,0,2.0,DPGVAE,paper-derived-compatible-reimplementation,16064,16064,0.8501434999999999,0.8822320000000001,0.910646,0.847842,0.8832155,0.910646,0.2007594621513943,0.2317785834508484,0.3159853554303889,0.1938664127467108
email-Eu-core,0,2.0,DPGGAN,paper-derived-compatible-reimplementation,16064,16064,0.806925,0.8301499999999999,0.8802679999999999,0.7981619999999998,0.8453429999999998,0.8802679999999999,0.44914093625498,0.1930875612740864,0.3727368866406387,0.4274820972857968
email-Eu-core,0,2.0,GraphPub,paper-derived-compatible-reimplementation-no-public-code-found,16064,16086,0.8462850000000002,0.867424,0.8747900000000001,0.8346340000000001,0.884804,0.884804,0.018550796812749,0.2502174975229245,0.01962120170998,0.1156471050709225
email-Eu-core,0,2.0,PrivDPR,paper-derived-compatible-reimplementation,16064,16064,0.8169699999999999,0.827362,0.863916,0.7748560000000001,0.848604,0.863916,0.4896040836653386,0.1581959471902461,0.4762060518572161,0.437808458310315
email-Eu-core,1,0.5,PrivGraph,official-core-sparse-reimplementation,16064,15989,0.6105274999999999,0.690614,0.883016,0.674736,0.793164,0.883016,0.5428909362549799,0.3342566370065929,0.5149287383496238,0.1859326962161077
email-Eu-core,1,0.5,DPGVAE,paper-derived-compatible-reimplementation,16064,16064,0.5548715000000001,0.573388,0.873672,0.554172,0.7397940000000001,0.873672,0.5033615537848604,0.298929459097959,0.5069986484034575,0.0701683055143357
email-Eu-core,1,0.5,DPGGAN,paper-derived-compatible-reimplementation,16064,16064,0.8358344999999999,0.8454740000000001,0.87914,0.8284720000000001,0.868762,0.87914,0.27527390438247,0.1682825601703777,0.1324016673913952,0.3248908032861029
email-Eu-core,1,0.5,GraphPub,paper-derived-compatible-reimplementation-no-public-code-found,16064,16099,0.8449609999999999,0.87726,0.873492,0.847518,0.8858995,0.8858995,0.0186752988047808,0.2501811504099803,0.0200033580262863,0.1229727007192094
email-Eu-core,1,0.5,PrivDPR,paper-derived-compatible-reimplementation,16064,16064,0.8229710000000001,0.82082,0.880652,0.77946,0.852499,0.880652,0.48835906374502,0.1394164808318445,0.4759570120264058,0.435516324757018
email-Eu-core,1,1.0,PrivGraph,official-core-sparse-reimplementation,16064,16135,0.693938,0.736418,0.8778999999999999,0.7321599999999999,0.8316965000000001,0.8778999999999999,0.5301917330677288,0.3376707094986027,0.4983637642167212,0.1883095437874083
email-Eu-core,1,1.0,DPGVAE,paper-derived-compatible-reimplementation,16064,16064,0.651767,0.679206,0.8454320000000001,0.6672560000000001,0.7714475000000001,0.8454320000000001,0.4297186254980079,0.2884661222236548,0.4588264724481473,0.0758681897812606
email-Eu-core,1,1.0,DPGGAN,paper-derived-compatible-reimplementation,16064,16064,0.8290429999999999,0.8414179999999999,0.8739459999999999,0.8033779999999999,0.8568819999999999,0.8739459999999999,0.4265438247011951,0.1776489773861448,0.3424758921195631,0.412767432261606
email-Eu-core,1,1.0,GraphPub,paper-derived-compatible-reimplementation-no-public-code-found,16064,16052,0.8375145,0.867042,0.862004,0.83552,0.8839245,0.8839245,0.0186752988047808,0.2473847323598721,0.0244583933420488,0.1198604947374832
email-Eu-core,1,1.0,PrivDPR,paper-derived-compatible-reimplementation,16064,16064,0.8113219999999999,0.8178280000000001,0.87268,0.781752,0.8496555,0.87268,0.4867405378486057,0.1544434470038808,0.4713857290979823,0.435518160528454
email-Eu-core,1,2.0,PrivGraph,official-core-sparse-reimplementation,16064,16087,0.6511005000000001,0.725776,0.8895320000000001,0.7299439999999999,0.813859,0.8895320000000001,0.5288844621513942,0.3412447897825225,0.5107782380371347,0.2069143920769141
email-Eu-core,1,2.0,DPGVAE,paper-derived-compatible-reimplementation,16064,16064,0.8448605,0.863908,0.900948,0.846288,0.8701355,0.900948,0.1894920318725098,0.2264043716027293,0.3014047510561688,0.2118024711457682
email-Eu-core,1,2.0,DPGGAN,paper-derived-compatible-reimplementation,16064,16064,0.8092045,0.8152560000000001,0.877892,0.7838939999999999,0.8511809999999999,0.877892,0.4483939243027889,0.2005212836946042,0.3771084558291573,0.4365097772770011
email-Eu-core,1,2.0,GraphPub,paper-derived-compatible-reimplementation-no-public-code-found,16064,16088,0.8417515000000001,0.857394,0.877332,0.8572519999999999,0.8821355,0.8821355,0.0177415338645418,0.2502842324409773,0.0185692203351762,0.1229480059663356
email-Eu-core,1,2.0,PrivDPR,paper-derived-compatible-reimplementation,16064,16064,0.809515,0.82031,0.880566,0.7685900000000001,0.8404845000000001,0.880566,0.4859312749003985,0.1716884531415968,0.4662694835025363,0.4372747007138995
email-Eu-core,2,0.5,PrivGraph,official-core-sparse-reimplementation,16064,16419,0.6367280000000001,0.6843759999999999,0.88276,0.694328,0.771408,0.88276,0.5319970119521911,0.3287241284604217,0.5036351466147093,0.2075777718406026
email-Eu-core,2,0.5,DPGVAE,paper-derived-compatible-reimplementation,16064,16064,0.5518514999999999,0.5514060000000001,0.878864,0.538468,0.75098,0.878864,0.4982569721115536,0.2992741943062289,0.5040795826693397,0.0618460485937671
email-Eu-core,2,0.5,DPGGAN,paper-derived-compatible-reimplementation,16064,16064,0.8202224999999999,0.8783320000000001,0.8677400000000002,0.8076539999999999,0.8632024999999999,0.8783320000000001,0.2744646414342628,0.1745656839518554,0.1383200228820876,0.3298062527023188
email-Eu-core,2,0.5,GraphPub,paper-derived-compatible-reimplementation-no-public-code-found,16064,16161,0.845378,0.875694,0.8804000000000001,0.8516279999999998,0.8943659999999999,0.8943659999999999,0.0197958167330677,0.2457265811106998,0.015638053734572,0.1126676856579693
email-Eu-core,2,0.5,PrivDPR,paper-derived-compatible-reimplementation,16064,16064,0.8055630000000001,0.822284,0.8746940000000001,0.7579259999999999,0.8448374999999999,0.8746940000000001,0.4965139442231076,0.151835922815322,0.4814984018593874,0.4345710156299004
email-Eu-core,2,1.0,PrivGraph,official-core-sparse-reimplementation,16064,16119,0.6565535,0.745164,0.8661280000000001,0.7216,0.8136745,0.8661280000000001,0.5420816733067727,0.3400240551486284,0.5160387643972748,0.2010756848864303
email-Eu-core,2,1.0,DPGVAE,paper-derived-compatible-reimplementation,16064,16064,0.6767205,0.7318080000000001,0.889384,0.704696,0.7948005,0.889384,0.4235557768924301,0.290953377586751,0.4578482665434269,0.0660955430877516
email-Eu-core,2,1.0,DPGGAN,paper-derived-compatible-reimplementation,16064,16064,0.8205284999999999,0.8296139999999999,0.8814420000000001,0.7955439999999999,0.8519275,0.8814420000000001,0.4307768924302788,0.1799298851097439,0.3454905014531258,0.4208744403243115
email-Eu-core,2,1.0,GraphPub,paper-derived-compatible-reimplementation-no-public-code-found,16064,16058,0.8420255,0.8683559999999999,0.8744519999999999,0.8361560000000001,0.8809259999999999,0.8809259999999999,0.0199825697211155,0.2462394241212782,0.0206021702766182,0.1211993624747685
email-Eu-core,2,1.0,PrivDPR,paper-derived-compatible-reimplementation,16064,16064,0.8136690000000001,0.8163940000000001,0.87768,0.7655,0.8446825,0.87768,0.4950199203187251,0.1422549290938932,0.4841630753720201,0.435959776207005
email-Eu-core,2,2.0,PrivGraph,official-core-sparse-reimplementation,16064,16073,0.6649109999999999,0.7396660000000002,0.8911920000000001,0.734896,0.8232290000000001,0.8911920000000001,0.5127614541832667,0.3415415424572062,0.4958130525677229,0.1797828708805144
email-Eu-core,2,2.0,DPGVAE,paper-derived-compatible-reimplementation,16064,16064,0.8391345,0.8389620000000001,0.922116,0.842876,0.8682175000000001,0.922116,0.1960906374501991,0.232054116680607,0.2999923648561799,0.2047653710071825
email-Eu-core,2,2.0,DPGGAN,paper-derived-compatible-reimplementation,16064,16064,0.8297955,0.85404,0.877756,0.81776,0.8566094999999999,0.877756,0.4463396414342628,0.1827602903931199,0.3676815646595319,0.4308412825323423
email-Eu-core,2,2.0,GraphPub,paper-derived-compatible-reimplementation-no-public-code-found,16064,16079,0.8468675000000001,0.8672419999999998,0.874162,0.835184,0.8892795,0.8892795,0.0183017928286852,0.2471246726283037,0.017152507022498,0.1075822587839796
email-Eu-core,2,2.0,PrivDPR,paper-derived-compatible-reimplementation,16064,16064,0.816218,0.8312940000000001,0.871438,0.767838,0.848643,0.871438,0.4918451195219124,0.158815006763079,0.4831802521121491,0.4397069427877361
ego-Facebook,0,0.5,PrivGraph,official-core-sparse-reimplementation,88234,88184,0.713051,0.7269260000000001,0.86602,0.7200880000000001,0.7552684999999999,0.86602,0.3425210236416802,0.5420063009498085,0.4104155411610237,
ego-Facebook,0,0.5,DPGVAE,paper-derived-compatible-reimplementation,88234,88234,0.535947,0.543346,0.8411639999999999,0.53924,0.6119155000000001,0.8411639999999999,0.5059614207675047,0.5563291547391985,0.6826580886168674,
ego-Facebook,0,0.5,DPGGAN,paper-derived-compatible-reimplementation,88234,88234,0.8027829999999999,0.8360280000000001,0.843748,0.814878,0.8391810000000001,0.843748,0.3636239998186643,0.5022004933372529,0.1767101513195606,
ego-Facebook,0,0.5,GraphPub,paper-derived-compatible-reimplementation-no-public-code-found,88234,88354,0.8163975,0.832006,0.854568,0.833404,0.8552930000000001,0.8552930000000001,0.0105401545889339,0.5334451136222791,0.1732446080513394,
ego-Facebook,0,0.5,PrivDPR,paper-derived-compatible-reimplementation,88234,88234,0.8046214999999999,0.8348420000000001,0.845908,0.783334,0.8368680000000001,0.845908,0.6116689711449104,0.4888661752283338,0.1092175344853465,
ego-Facebook,0,1.0,PrivGraph,official-core-sparse-reimplementation,88234,88222,0.673035,0.745016,0.8232959999999999,0.7181680000000001,0.7617980000000001,0.8232959999999999,0.2686719405217945,0.5700021453852012,0.4667222609220518,
ego-Facebook,0,1.0,DPGVAE,paper-derived-compatible-reimplementation,88234,88234,0.6177435,0.6639839999999999,0.850252,0.6840359999999999,0.684798,0.850252,0.4704989006505429,0.5544526087079618,0.6688627770907019,
ego-Facebook,0,1.0,DPGGAN,paper-derived-compatible-reimplementation,88234,88234,0.8128885,0.831818,0.834772,0.8018119999999999,0.8380365000000001,0.8380365000000001,0.5324251422354197,0.5197143657963434,0.0175407664538983,
ego-Facebook,0,1.0,GraphPub,paper-derived-compatible-reimplementation-no-public-code-found,88234,88283,0.804743,0.83532,0.848788,0.820964,0.8580360000000001,0.8580360000000001,0.0112428315615295,0.5417913911749945,0.1723471190965993,
ego-Facebook,0,1.0,PrivDPR,paper-derived-compatible-reimplementation,88234,88234,0.7964319999999999,0.8058459999999998,0.837684,0.786974,0.8216580000000001,0.837684,0.6083029217761865,0.5093490845855083,0.105953845231788,
ego-Facebook,0,2.0,PrivGraph,official-core-sparse-reimplementation,88234,88222,0.6617085,0.7388920000000001,0.8269899999999999,0.6815359999999999,0.7591055000000001,0.8269899999999999,0.2810594555386814,0.5681361633708756,0.4425353081071267,
ego-Facebook,0,2.0,DPGVAE,paper-derived-compatible-reimplementation,88234,88234,0.8239925,0.8475919999999999,0.853332,0.860296,0.831475,0.860296,0.332547544030646,0.5396807694487906,0.6113832359318133,
ego-Facebook,0,2.0,DPGGAN,paper-derived-compatible-reimplementation,88234,88234,0.808728,0.833076,0.85866,0.7762040000000001,0.8428159999999999,0.85866,0.5480993721241247,0.518357745236846,8.813844758615832e-06,
ego-Facebook,0,2.0,GraphPub,paper-derived-compatible-reimplementation-no-public-code-found,88234,88248,0.7789825,0.8182539999999999,0.80752,0.782996,0.8173515,0.8182539999999999,0.0109934945712537,0.5413563922174663,0.1731874707411619,
ego-Facebook,0,2.0,PrivDPR,paper-derived-compatible-reimplementation,88234,88234,0.8033155,0.83209,0.859076,0.7734739999999999,0.8355195,0.859076,0.6093002697372897,0.5033256858825436,0.1045519849249567,
ego-Facebook,1,0.5,PrivGraph,official-core-sparse-reimplementation,88234,88193,0.6690054999999999,0.708974,0.8214480000000001,0.669532,0.7472115,0.8214480000000001,0.2778634086633273,0.5692136899815299,0.4672822898133324,
ego-Facebook,1,0.5,DPGVAE,paper-derived-compatible-reimplementation,88234,88234,0.5258910000000001,0.527528,0.842004,0.51506,0.6072145,0.842004,0.5082167871795454,0.5551366433590561,0.6825962261502332,
ego-Facebook,1,0.5,DPGGAN,paper-derived-compatible-reimplementation,88234,88234,0.8115095,0.8433339999999999,0.842276,0.816258,0.8423905,0.8433339999999999,0.3645986807806518,0.4994382525294376,0.178948769273715,
ego-Facebook,1,0.5,GraphPub,paper-derived-compatible-reimplementation-no-public-code-found,88234,88746,0.8098675,0.8674780000000001,0.841352,0.838824,0.857432,0.8674780000000001,0.0129881904934605,0.5405019921720905,0.1713287119576022,
ego-Facebook,1,0.5,PrivDPR,paper-derived-compatible-reimplementation,88234,88234,0.7940179999999999,0.827962,0.8597079999999999,0.7812299999999999,0.8273659999999999,0.8597079999999999,0.6078949157920986,0.51387838867418,0.102224813910114,
ego-Facebook,1,1.0,PrivGraph,official-core-sparse-reimplementation,88234,88216,0.6539605000000001,0.7036300000000001,0.81394,0.6815640000000001,0.7386595,0.81394,0.2888795702336969,0.5694282527494579,0.4878594046937475,
ego-Facebook,1,1.0,DPGVAE,paper-derived-compatible-reimplementation,88234,88234,0.6178075,0.6512020000000001,0.8336679999999999,0.6609480000000001,0.6788695,0.8336679999999999,0.4710995761271166,0.5538191082791378,0.6690262685952364,
ego-Facebook,1,1.0,DPGGAN,paper-derived-compatible-reimplementation,88234,88234,0.79921,0.817744,0.865086,0.7772939999999999,0.8275385000000002,0.865086,0.540834598907451,0.51648300709793,0.0109936108823461,
ego-Facebook,1,1.0,GraphPub,paper-derived-compatible-reimplementation-no-public-code-found,88234,88304,0.8085985000000001,0.845326,0.841272,0.8256319999999999,0.849243,0.849243,0.0111974975632975,0.5458431599651135,0.171041065985404,
ego-Facebook,1,1.0,PrivDPR,paper-derived-compatible-reimplementation,88234,88234,0.8053614999999998,0.8318960000000001,0.8477020000000001,0.7787299999999999,0.8360985,0.8477020000000001,0.6088695967540861,0.507940528361891,0.1021683289810561,
ego-Facebook,1,2.0,PrivGraph,official-core-sparse-reimplementation,88234,88258,0.6811775,0.7343700000000001,0.85996,0.715932,0.7662049999999999,0.85996,0.2641498741981551,0.5676069825314449,0.437121861786949,
ego-Facebook,1,2.0,DPGVAE,paper-derived-compatible-reimplementation,88234,88234,0.814945,0.831416,0.8711840000000001,0.8703320000000001,0.8240224999999999,0.8711840000000001,0.3282294806990505,0.5373385740526173,0.6085844894665012,
ego-Facebook,1,2.0,DPGGAN,paper-derived-compatible-reimplementation,88234,88234,0.7969895,0.815342,0.845364,0.7847139999999998,0.8246290000000001,0.845364,0.5519754289729586,0.5182868333590024,0.0034667983377558,
ego-Facebook,1,2.0,GraphPub,paper-derived-compatible-reimplementation-no-public-code-found,88234,88276,0.811126,0.84897,0.8766480000000001,0.819572,0.861278,0.8766480000000001,0.0105514880884919,0.5439127361116167,0.1723446214535617,
ego-Facebook,1,2.0,PrivDPR,paper-derived-compatible-reimplementation,88234,88234,0.8015399999999999,0.83451,0.850028,0.8148220000000002,0.8336595,0.850028,0.6064442278486756,0.5070162579451761,0.1024993072302248,
ego-Facebook,2,0.5,PrivGraph,official-core-sparse-reimplementation,88234,88236,0.6785680000000001,0.7380619999999999,0.853696,0.715228,0.762157,0.853696,0.2582111204297665,0.5686209018244466,0.4673955181103623,
ego-Facebook,2,0.5,DPGVAE,paper-derived-compatible-reimplementation,88234,88234,0.508599,0.49052,0.831596,0.524168,0.5876290000000001,0.831596,0.5046014008205456,0.5552216846511835,0.681781065237647,
ego-Facebook,2,0.5,DPGGAN,paper-derived-compatible-reimplementation,88234,88234,0.799121,0.84448,0.840792,0.7908179999999999,0.8386750000000001,0.84448,0.3704354330530182,0.4985310166208565,0.1753372426285444,
ego-Facebook,2,0.5,GraphPub,paper-derived-compatible-reimplementation-no-public-code-found,88234,88697,0.7843595,0.8226760000000001,0.8325760000000001,0.7912720000000001,0.8316375,0.8325760000000001,0.0120815105288211,0.5359727450543605,0.1719097744346951,
ego-Facebook,2,0.5,PrivDPR,paper-derived-compatible-reimplementation,88234,88234,0.7970029999999999,0.828908,0.8563399999999999,0.7785299999999999,0.8354834999999999,0.8563399999999999,0.6078042477956348,0.5147315251130421,0.1011178246174459,
ego-Facebook,2,1.0,PrivGraph,official-core-sparse-reimplementation,88234,88198,0.682369,0.7657559999999999,0.8437600000000001,0.7009719999999999,0.775201,0.8437600000000001,0.2793367636058664,0.5687096454965738,0.452771692619511,
ego-Facebook,2,1.0,DPGVAE,paper-derived-compatible-reimplementation,88234,88234,0.6331829999999999,0.66733,0.8364240000000001,0.710544,0.7039345,0.8364240000000001,0.4813337262279848,0.5536855335317565,0.6715703644564407,
ego-Facebook,2,1.0,DPGGAN,paper-derived-compatible-reimplementation,88234,88234,0.8078085,0.8218219999999999,0.845804,0.7987179999999999,0.8368794999999999,0.845804,0.5331164857084573,0.5182046266775657,0.0162179424524625,
ego-Facebook,2,1.0,GraphPub,paper-derived-compatible-reimplementation-no-public-code-found,88234,88344,0.7738025,0.8172119999999999,0.817604,0.7863640000000001,0.822001,0.822001,0.0110614955686016,0.5373855485762608,0.1718049012662433,
ego-Facebook,2,1.0,PrivDPR,paper-derived-compatible-reimplementation,88234,88234,0.7925515000000001,0.803732,0.818666,0.7514240000000001,0.8140875000000001,0.818666,0.6072149058186191,0.5015955243124653,0.1027192421832656,
ego-Facebook,2,2.0,PrivGraph,official-core-sparse-reimplementation,88234,88242,0.68022,0.7461439999999999,0.8447799999999999,0.7200359999999999,0.7578765,0.8447799999999999,0.2836548269374619,0.5701776446081752,0.4768442169288188,
ego-Facebook,2,2.0,DPGVAE,paper-derived-compatible-reimplementation,88234,88234,0.839878,0.8372120000000001,0.886456,0.8782199999999999,0.850661,0.886456,0.332502210032414,0.5400875902345224,0.6095913005452469,
ego-Facebook,2,2.0,DPGGAN,paper-derived-compatible-reimplementation,88234,88234,0.7957160000000001,0.7969959999999999,0.8337379999999999,0.786796,0.8261934999999998,0.8337379999999999,0.5518394269782626,0.5236758368900802,0.0018229765906705,
ego-Facebook,2,2.0,GraphPub,paper-derived-compatible-reimplementation-no-public-code-found,88234,88230,0.7736825,0.8105840000000001,0.8384480000000001,0.783128,0.8307654999999999,0.8384480000000001,0.0098714781150123,0.53989078926525,0.1729331636605579,
ego-Facebook,2,2.0,PrivDPR,paper-derived-compatible-reimplementation,88234,88234,0.7681224999999998,0.8104640000000001,0.825194,0.7604280000000001,0.8161295000000001,0.825194,0.6080989187841425,0.5222895636947992,0.1041715081397952,
ca-GrQc,0,0.5,PrivGraph,official-core-sparse-reimplementation,14484,14491,0.540553,0.6835879999999999,0.82835,0.5689200000000001,0.7267764999999999,0.82835,0.2750621375310689,0.5327591771194232,0.5951660562090572,
ca-GrQc,0,0.5,DPGVAE,paper-derived-compatible-reimplementation,14484,14484,0.4995029999999998,0.519764,0.800326,0.473202,0.6281635000000001,0.800326,0.4889533278099974,0.5352245702326494,0.8316215482431389,
ca-GrQc,0,0.5,DPGGAN,paper-derived-compatible-reimplementation,14484,14484,0.5420185000000001,0.7230599999999999,0.8085279999999999,0.699796,0.7391115,0.8085279999999999,0.3165561999447668,0.5333734869756505,0.6680875135330746,
ca-GrQc,0,0.5,GraphPub,paper-derived-compatible-reimplementation-no-public-code-found,14484,15507,0.643179,0.806268,0.8327300000000001,0.707612,0.8171355,0.8327300000000001,0.138290527478597,0.5198861063882813,0.1088134715782416,
ca-GrQc,0,0.5,PrivDPR,paper-derived-compatible-reimplementation,14484,14484,0.6212845,0.781012,0.830044,0.7435739999999998,0.7922325,0.830044,0.517743717205192,0.5300792439386781,0.4703915464793619,
ca-GrQc,0,1.0,PrivGraph,official-core-sparse-reimplementation,14484,14502,0.5457380000000001,0.69945,0.8050980000000001,0.607848,0.7284845,0.8050980000000001,0.2810687655343828,0.5338203641800092,0.5862090301519756,
ca-GrQc,0,1.0,DPGVAE,paper-derived-compatible-reimplementation,14484,14484,0.5029934999999999,0.5438599999999999,0.82772,0.545478,0.630669,0.82772,0.4837752002209335,0.5317091934525667,0.8310155443080455,
ca-GrQc,0,1.0,DPGGAN,paper-derived-compatible-reimplementation,14484,14484,0.5836405,0.774576,0.8241,0.740288,0.7765535,0.8241,0.4279895056614197,0.530988024512688,0.540989297190073,
ca-GrQc,0,1.0,GraphPub,paper-derived-compatible-reimplementation-no-public-code-found,14484,14935,0.6296280000000001,0.79753,0.824308,0.6975419999999999,0.8065789999999999,0.824308,0.0989367578017121,0.5197213483400753,0.1067556955914522,
ca-GrQc,0,1.0,PrivDPR,paper-derived-compatible-reimplementation,14484,14484,0.6128945,0.788006,0.8279160000000001,0.7632079999999998,0.7811,0.8279160000000001,0.5260287213476941,0.5285067100593644,0.466104857027917,
ca-GrQc,0,2.0,PrivGraph,official-core-sparse-reimplementation,14484,14480,0.551177,0.7222959999999999,0.8389300000000001,0.630678,0.7529969999999999,0.8389300000000001,0.2904584368958852,0.5311836378371236,0.5764420045247651,
ca-GrQc,0,2.0,DPGVAE,paper-derived-compatible-reimplementation,14484,14484,0.5165025,0.663742,0.837478,0.6227619999999999,0.6884265,0.837478,0.4306130903065453,0.5348258007015269,0.8189625451193935,
ca-GrQc,0,2.0,DPGGAN,paper-derived-compatible-reimplementation,14484,14484,0.6077120000000001,0.791702,0.8356319999999999,0.7640199999999998,0.7981715,0.8356319999999999,0.4600248550124276,0.5317021684872572,0.5230571795232807,
ca-GrQc,0,2.0,GraphPub,paper-derived-compatible-reimplementation-no-public-code-found,14484,14709,0.6352260000000001,0.810986,0.82193,0.727188,0.8126325,0.82193,0.0881662524164595,0.5171320672564299,0.0844534106510231,
ca-GrQc,0,2.0,PrivDPR,paper-derived-compatible-reimplementation,14484,14484,0.6210205,0.796168,0.8283260000000001,0.749054,0.8021054999999999,0.8283260000000001,0.5219552609776306,0.5293197429164939,0.4702475629792584,
ca-GrQc,1,0.5,PrivGraph,official-core-sparse-reimplementation,14484,14414,0.5306354999999999,0.682992,0.83194,0.603352,0.7320145000000001,0.83194,0.2828638497652583,0.5334890205817865,0.6439268839397287,
ca-GrQc,1,0.5,DPGVAE,paper-derived-compatible-reimplementation,14484,14484,0.502993,0.528186,0.8164480000000001,0.516724,0.643154,0.8164480000000001,0.4968240817453743,0.5342301724735457,0.8334530430951284,
ca-GrQc,1,0.5,DPGGAN,paper-derived-compatible-reimplementation,14484,14484,0.5366299999999999,0.715048,0.802756,0.728096,0.7489520000000001,0.802756,0.3188345760839546,0.5333435570014925,0.6668926931324777,
ca-GrQc,1,0.5,GraphPub,paper-derived-compatible-reimplementation-no-public-code-found,14484,15536,0.6292005,0.8132519999999999,0.8276219999999999,0.7102559999999999,0.8151749999999999,0.8276219999999999,0.1355979011322838,0.5182293516969019,0.0878781577632939,
ca-GrQc,1,0.5,PrivDPR,paper-derived-compatible-reimplementation,14484,14484,0.6325664999999999,0.8070879999999999,0.8163320000000001,0.793392,0.8059375,0.8163320000000001,0.5236813035073185,0.5286595624640434,0.4683622259018272,
ca-GrQc,1,1.0,PrivGraph,official-core-sparse-reimplementation,14484,14469,0.529612,0.6646340000000001,0.83113,0.583972,0.7248255,0.83113,0.3075807787903895,0.5343214788856439,0.6307479938984568,
ca-GrQc,1,1.0,DPGVAE,paper-derived-compatible-reimplementation,14484,14484,0.504507,0.580928,0.824846,0.51424,0.62748,0.824846,0.4840513670256836,0.5335338981596244,0.8301096904896773,
ca-GrQc,1,1.0,DPGGAN,paper-derived-compatible-reimplementation,14484,14484,0.601747,0.764196,0.8088019999999999,0.7640519999999998,0.773275,0.8088019999999999,0.4268848384424194,0.528943772168276,0.5409993313632759,
ca-GrQc,1,1.0,GraphPub,paper-derived-compatible-reimplementation-no-public-code-found,14484,14872,0.6466455,0.820844,0.84341,0.727656,0.8286664999999999,0.84341,0.0975559237779619,0.5207400174165712,0.0895211778615564,
ca-GrQc,1,1.0,PrivDPR,paper-derived-compatible-reimplementation,14484,14484,0.620448,0.7990039999999999,0.8344119999999999,0.7606040000000001,0.8029744999999999,0.8344119999999999,0.5278238055785696,0.5298382310841337,0.463782339661597,
ca-GrQc,1,2.0,PrivGraph,official-core-sparse-reimplementation,14484,14480,0.5507375,0.684584,0.8100719999999999,0.6112839999999999,0.7241595,0.8100719999999999,0.2928058547362608,0.5334636961180036,0.5687107804803623,
ca-GrQc,1,2.0,DPGVAE,paper-derived-compatible-reimplementation,14484,14484,0.5180275000000001,0.69516,0.8309219999999999,0.650676,0.7197120000000001,0.8309219999999999,0.4405550952775477,0.5327989931953075,0.8186954743061867,
ca-GrQc,1,2.0,DPGGAN,paper-derived-compatible-reimplementation,14484,14484,0.5839305,0.7601800000000001,0.798454,0.73719,0.777241,0.798454,0.4449047224523613,0.5317058591312306,0.5264247186485115,
ca-GrQc,1,2.0,GraphPub,paper-derived-compatible-reimplementation-no-public-code-found,14484,14629,0.6425354999999999,0.8132820000000002,0.833148,0.716984,0.8157335,0.833148,0.081676332504833,0.5197027576431275,0.1078275681017231,
ca-GrQc,1,2.0,PrivDPR,paper-derived-compatible-reimplementation,14484,14484,0.6208445000000001,0.787144,0.842232,0.778858,0.8004435,0.842232,0.5270643468655068,0.532013968313983,0.4631816731990861,
ca-GrQc,2,0.5,PrivGraph,official-core-sparse-reimplementation,14484,14497,0.5315905000000001,0.6740759999999999,0.818022,0.60139,0.736854,0.818022,0.2872134769400719,0.5341960746731913,0.592338581860721,
ca-GrQc,2,0.5,DPGVAE,paper-derived-compatible-reimplementation,14484,14484,0.4975039999999999,0.5042160000000001,0.824958,0.529144,0.634251,0.824958,0.4898508699254351,0.5334008330994695,0.8326453605871246,
ca-GrQc,2,0.5,DPGGAN,paper-derived-compatible-reimplementation,14484,14484,0.539159,0.712918,0.8209119999999999,0.7212280000000001,0.7398469999999999,0.8209119999999999,0.3068903617785143,0.52790483703786,0.6667604610429309,
ca-GrQc,2,0.5,GraphPub,paper-derived-compatible-reimplementation-no-public-code-found,14484,15441,0.6437335000000001,0.8231739999999999,0.83465,0.701546,0.8279895000000002,0.83465,0.1319386909693454,0.5213295038084259,0.1006293975050954,
ca-GrQc,2,0.5,PrivDPR,paper-derived-compatible-reimplementation,14484,14484,0.618455,0.78875,0.826436,0.7531859999999999,0.79195,0.826436,0.514015465341066,0.5288368799242673,0.4727487082176348,
ca-GrQc,2,1.0,PrivGraph,official-core-sparse-reimplementation,14484,14464,0.5372675,0.6978260000000001,0.82506,0.5929880000000001,0.7391129999999998,0.82506,0.2995719414526374,0.5321824918615075,0.6215993922548122,
ca-GrQc,2,1.0,DPGVAE,paper-derived-compatible-reimplementation,14484,14484,0.5054775,0.57664,0.819684,0.5719780000000001,0.6573995,0.819684,0.4861226180613091,0.5342128564562297,0.8312443145309353,
ca-GrQc,2,1.0,DPGGAN,paper-derived-compatible-reimplementation,14484,14484,0.5787705,0.752694,0.8333279999999998,0.7405200000000001,0.762853,0.8333279999999998,0.4317867992267331,0.5277749575479314,0.544931713790603,
ca-GrQc,2,1.0,GraphPub,paper-derived-compatible-reimplementation-no-public-code-found,14484,14929,0.651303,0.7948379999999999,0.8367739999999999,0.728964,0.8155795,0.8367739999999999,0.0996962165147748,0.5214315170924463,0.0986080231407534,
ca-GrQc,2,1.0,PrivDPR,paper-derived-compatible-reimplementation,14484,14484,0.6202124999999999,0.8138899999999999,0.8118,0.7729519999999999,0.8189434999999999,0.8189434999999999,0.5118061309030656,0.5272048620187553,0.4731664806024085,
ca-GrQc,2,2.0,PrivGraph,official-core-sparse-reimplementation,14484,14490,0.54917,0.686844,0.84297,0.587128,0.727615,0.84297,0.29950289975144995,0.5342167522286353,0.5758644538339018,
ca-GrQc,2,2.0,DPGVAE,paper-derived-compatible-reimplementation,14484,14484,0.5090174999999999,0.65965,0.8302120000000001,0.616106,0.6764624999999999,0.8302120000000001,0.4439381386357361,0.5339544018673403,0.8225430533138985,
ca-GrQc,2,2.0,DPGGAN,paper-derived-compatible-reimplementation,14484,14484,0.609903,0.7964019999999999,0.8427779999999999,0.780228,0.794293,0.8427779999999999,0.4558823529411766,0.5289073111711137,0.5282966137669887,
ca-GrQc,2,2.0,GraphPub,paper-derived-compatible-reimplementation-no-public-code-found,14484,14611,0.6338115,0.803904,0.8255839999999999,0.725766,0.8120950000000001,0.8255839999999999,0.08195249930958301,0.5206394625588067,0.09780945532322213,
ca-GrQc,2,2.0,PrivDPR,paper-derived-compatible-reimplementation,14484,14484,0.6323485,0.798968,0.835086,0.7816940000000001,0.798239,0.835086,0.5124965479149406,0.528826811550603,0.47021997239694785,
