dataset,seed,eps,mechanism,m_orig,m_released,auc_heur,auc_logreg,auc_degaware,auc_svd,auc_seed,auc_max,deg_dist_norm,clust_err,spec_err,comm_nmi_gt
email-Eu-core,0,0.5,edgeflip,16064,194339,0.8053395000000001,0.830174,0.897234,0.781536,0.8640540000000001,0.897234,11.097796314741034,0.0131678209717946,4.085668388019196,0.0657458338792345
email-Eu-core,0,0.5,tmf,16064,16124,0.57884475,0.671087,0.880439,0.661124,0.77596125,0.880439,0.6762325697211155,0.3676214602957127,0.5645183479685106,0.0801079186990059
email-Eu-core,0,0.5,dk1dp,16064,14856,0.8333635,0.869984,0.879791,0.8604379999999999,0.8774157499999999,0.879791,0.0806150398406373,0.2813322965920026,0.1859076047267473,0.181058408303103
email-Eu-core,0,0.5,swap,16064,16064,0.9537555,0.9605445,0.958399,0.939114,0.953843125,0.9605445,0.0,0.2076902795091512,0.0405261538539957,0.4747673795617641
email-Eu-core,0,1.0,edgeflip,16064,143352,0.8851957500000001,0.894251,0.919524,0.849635,0.90965375,0.919524,7.923804780876495,0.1119852572700803,2.76876975010079,0.0739997730041536
email-Eu-core,0,1.0,tmf,16064,16060,0.5933861249999999,0.6994745,0.8798359999999998,0.6854159999999999,0.790138875,0.8798359999999998,0.667704183266932,0.3669013100145988,0.5640015846580294,0.0877120340371776
email-Eu-core,0,1.0,dk1dp,16064,14937,0.838064625,0.8698764999999998,0.870402,0.8677239999999999,0.879730875,0.879730875,0.0777514940239042,0.2791276820119169,0.1793092230036317,0.1292125656054225
email-Eu-core,0,1.0,swap,16064,16064,0.975337625,0.9778085,0.976672,0.951085,0.974093125,0.9778085,0.0,0.1765789962399163,0.0296549236731777,0.5052882073330724
email-Eu-core,0,2.0,edgeflip,16064,72660,0.96462975,0.968584,0.970036,0.930404,0.96842625,0.970036,3.523157370517928,0.2398040830236003,0.9964603113122636,0.2310660069992013
email-Eu-core,0,2.0,tmf,16064,16170,0.719991,0.8126315000000001,0.8963169999999999,0.8063739999999999,0.849083375,0.8963169999999999,0.6193351593625497,0.3642092250070985,0.5439178709535055,0.0889823845946708
email-Eu-core,0,2.0,dk1dp,16064,14861,0.8393436249999999,0.8742075,0.876756,0.8657569999999999,0.8839951250000001,0.8839951250000001,0.0781872509960158,0.2744106485094379,0.1832872743258851,0.1158638134412326
email-Eu-core,0,2.0,swap,16064,16064,0.99188125,0.9925485,0.993563,0.9697,0.9915725,0.993563,0.0,0.0945385075315666,0.0180917327061418,0.548551421062311
email-Eu-core,0,3.0,edgeflip,16064,38515,0.992633,0.993373,0.993345,0.964991,0.9929145,0.993373,1.397597111553785,0.2734735466272246,0.2716736541625341,0.2693285919647223
email-Eu-core,0,3.0,tmf,16064,16109,0.8763023750000001,0.903196,0.931845,0.899194,0.91305275,0.931845,0.4990039840637449,0.3492390370646607,0.4729841251606695,0.2692834635823987
email-Eu-core,0,3.0,dk1dp,16064,14899,0.83888925,0.8801085,0.8864445000000001,0.8626059999999999,0.890801375,0.890801375,0.0745766932270915,0.2790167775431008,0.1778432754843981,0.121261465120582
email-Eu-core,0,3.0,swap,16064,16064,0.996359125,0.997292,0.996705,0.9752300000000002,0.99635475,0.997292,0.0,0.0392682367602024,0.0078719607990954,0.571207210263038
email-Eu-core,0,5.0,edgeflip,16064,19183,0.999853625,0.999605,0.999771,0.979355,0.99947325,0.999853625,0.1941608565737052,0.163205356511575,0.0222625601395511,0.4972943568575814
email-Eu-core,0,5.0,tmf,16064,16133,0.97938225,0.9825905,0.981904,0.963095,0.979863375,0.9825905,0.2086030876494023,0.2555243768363512,0.2089382067873834,0.3928286428343823
email-Eu-core,0,5.0,dk1dp,16064,14841,0.8336315000000003,0.8707915,0.8713274999999999,0.859747,0.88711975,0.88711975,0.0774402390438246,0.2774466232363843,0.1860253425837419,0.0938529899647541
email-Eu-core,0,5.0,swap,16064,16064,0.999728,0.999999,0.999456,0.982249,0.99966075,0.999999,0.0,0.005642171996003,0.0008713983014812,0.5543087553116111
email-Eu-core,1,0.5,edgeflip,16064,194742,0.7948172500000001,0.8199690000000001,0.908966,0.774924,0.8529497500000001,0.908966,11.12288346613546,0.0122176783504694,4.097335697161592,0.0745725715816886
email-Eu-core,1,0.5,tmf,16064,15970,0.5577643750000001,0.6333605,0.864963,0.608375,0.75570625,0.864963,0.6740537848605574,0.3673169821269852,0.5685525879057817,0.0962746271722895
email-Eu-core,1,0.5,dk1dp,16064,14966,0.827484875,0.852009,0.8691899999999999,0.8590639999999998,0.877375875,0.877375875,0.0791210159362548,0.2812427887056183,0.1777684181059129,0.1498308318231147
email-Eu-core,1,0.5,swap,16064,16064,0.9546745,0.9620615,0.9586595,0.942806,0.956090125,0.9620615,0.0,0.209888504412522,0.0377065278618986,0.4366295159946606
email-Eu-core,1,1.0,edgeflip,16064,142585,0.8814744999999999,0.8954090000000001,0.931815,0.861436,0.907846,0.931815,7.876058266932271,0.1135626807981026,2.7505484996392005,0.0757284724523782
email-Eu-core,1,1.0,tmf,16064,15940,0.603016625,0.7031440000000001,0.869267,0.684998,0.791530125,0.869267,0.6657121513944222,0.3671069556995169,0.5677519036002756,0.0720601662748508
email-Eu-core,1,1.0,dk1dp,16064,14875,0.83921275,0.8864005,0.8712039999999999,0.855273,0.883487375,0.8864005,0.0824203187250995,0.287419356537256,0.1840449009962657,0.1450470004304827
email-Eu-core,1,1.0,swap,16064,16064,0.972591,0.976108,0.978218,0.947221,0.972842875,0.978218,0.0,0.1734076263752535,0.0333952048192791,0.508876586712786
email-Eu-core,1,2.0,edgeflip,16064,72439,0.961585,0.9629,0.973453,0.932252,0.96591075,0.973453,3.5093999003984067,0.2401048782253955,0.9895156660833472,0.1973625367846709
email-Eu-core,1,2.0,tmf,16064,16073,0.7246386250000001,0.8219974999999999,0.903195,0.793885,0.850206,0.903195,0.6117405378486055,0.3636273447854798,0.543304353807295,0.0932500600309397
email-Eu-core,1,2.0,dk1dp,16064,14826,0.8377295,0.8860904999999999,0.8746984999999999,0.8701,0.8849966250000001,0.8860904999999999,0.0789342629482071,0.2816122745257441,0.1871964568669236,0.1235863373182305
email-Eu-core,1,2.0,swap,16064,16064,0.989714875,0.990001,0.9911325,0.972443,0.9892474999999998,0.9911325,0.0,0.0991904660530459,0.0131173657090842,0.5372798915886258
email-Eu-core,1,3.0,edgeflip,16064,38231,0.99221675,0.992929,0.994218,0.965629,0.9924695,0.994218,1.3799178286852591,0.2740331475315225,0.2604289992327761,0.37588469490459
email-Eu-core,1,3.0,tmf,16064,16050,0.8788402499999999,0.912644,0.93037,0.905548,0.9140515,0.93037,0.490164342629482,0.3493579739698086,0.4671107129759842,0.2336669652622378
email-Eu-core,1,3.0,dk1dp,16064,14837,0.831411625,0.8601559999999999,0.8681614999999999,0.8527660000000001,0.8808595000000001,0.8808595000000001,0.077066733067729,0.28037986776975,0.1779088671137668,0.1037530775863441
email-Eu-core,1,3.0,swap,16064,16064,0.9968375,0.997052,0.996469,0.974222,0.996456,0.997052,0.0,0.0432409907585668,0.0063608547752436,0.5454164390745777
email-Eu-core,1,5.0,edgeflip,16064,19315,0.99936175,0.999177,0.999627,0.981558,0.99936125,0.999627,0.2023779880478088,0.1666553148636582,0.025151198494569,0.4451607235939088
email-Eu-core,1,5.0,tmf,16064,16043,0.981610875,0.9847,0.983688,0.960972,0.98252125,0.9847,0.2069845617529879,0.2522718617514177,0.2110038094280817,0.419544401343247
email-Eu-core,1,5.0,dk1dp,16064,14838,0.8427583750000002,0.884517,0.8788535,0.869218,0.88779675,0.88779675,0.0771289840637449,0.2724677588548974,0.1870274962787387,0.1057526674287303
email-Eu-core,1,5.0,swap,16064,16064,0.999409375,0.999263,0.999468,0.979965,0.999381,0.999468,0.0,0.0067832740972161,0.0008459669335705,0.5451520361217421
email-Eu-core,2,0.5,edgeflip,16064,193835,0.81033,0.8378660000000001,0.904086,0.7860739999999999,0.86478225,0.904086,11.066421812749004,0.0141062584735572,4.072863736936704,0.0630287573928863
email-Eu-core,2,0.5,tmf,16064,15999,0.5514085000000001,0.6268535000000001,0.8724919999999998,0.608362,0.7587235,0.8724919999999998,0.6760458167330675,0.3679517003989526,0.5683621370699741,0.0736876724707292
email-Eu-core,2,0.5,dk1dp,16064,15036,0.8304285000000001,0.859367,0.8772040000000001,0.8457789999999998,0.87676775,0.8772040000000001,0.0760084661354581,0.2829081400790127,0.1803362192556878,0.1497250970022359
email-Eu-core,2,0.5,swap,16064,16064,0.957487125,0.9595695,0.9569255,0.948894,0.9579673749999998,0.9595695,0.0,0.2040074455797943,0.0405721912732095,0.46086821035804
email-Eu-core,2,1.0,edgeflip,16064,143319,0.8698562500000001,0.890782,0.921135,0.8594039999999998,0.8948685000000001,0.921135,7.921750498007968,0.1119048480815717,2.769594269590459,0.0742708183365913
email-Eu-core,2,1.0,tmf,16064,16022,0.5921226249999999,0.696823,0.871468,0.6823530000000001,0.7878355,0.871468,0.6713147410358563,0.366970477692667,0.5661918670381008,0.065888488901451
email-Eu-core,2,1.0,dk1dp,16064,14925,0.8381052500000001,0.8726840000000001,0.8708315,0.8549644999999999,0.8825358750000001,0.8825358750000001,0.0804282868525895,0.2796830998970382,0.1888500977789378,0.1210418446765509
email-Eu-core,2,1.0,swap,16064,16064,0.975650125,0.9762365,0.9769515,0.955091,0.974875,0.9769515,0.0,0.1656664604433016,0.0308528780166334,0.529351285015576
email-Eu-core,2,2.0,edgeflip,16064,72452,0.9639145,0.9668,0.974473,0.949115,0.96844675,0.974473,3.5102091633466133,0.2399910795363385,0.9904099562929664,0.2124109320179298
email-Eu-core,2,2.0,tmf,16064,15988,0.7060942499999999,0.7954265,0.8809939999999999,0.779833,0.8394817499999999,0.8809939999999999,0.6245019920318724,0.3644778452968652,0.5495493401154803,0.1067609164864775
email-Eu-core,2,2.0,dk1dp,16064,14896,0.825677375,0.8749370000000001,0.8726794999999999,0.8594375000000001,0.8827563749999999,0.8827563749999999,0.0761952191235059,0.2819710973659944,0.1777591938113362,0.11444463569705
email-Eu-core,2,2.0,swap,16064,16064,0.99208075,0.9894635,0.989815,0.970837,0.990701375,0.99208075,0.0,0.0900189101538744,0.0143315306900104,0.5700798261361129
email-Eu-core,2,3.0,edgeflip,16064,38458,0.989856625,0.992913,0.990524,0.966318,0.99035175,0.992913,1.3940488047808763,0.2737972098980064,0.2668423646524382,0.3504928925341029
email-Eu-core,2,3.0,tmf,16064,16106,0.8807716249999998,0.9093395,0.925278,0.901559,0.915452875,0.925278,0.5036105577689242,0.3496244570438563,0.4762074384235019,0.2493583201339406
email-Eu-core,2,3.0,dk1dp,16064,14839,0.8398813749999999,0.8786094999999998,0.8690749999999999,0.8481190000000001,0.884982125,0.884982125,0.0784985059760955,0.2789312145319824,0.1770665056389844,0.1037547657922307
email-Eu-core,2,3.0,swap,16064,16064,0.99704425,0.99796,0.9983885,0.973666,0.99731025,0.9983885,0.0,0.0401662408861903,0.0050977905988644,0.5473486042266357
email-Eu-core,2,5.0,edgeflip,16064,19230,0.998684625,0.999074,0.998717,0.984001,0.99871625,0.999074,0.1971489043824701,0.1683394307596786,0.0246853512789708,0.4341532899662486
email-Eu-core,2,5.0,tmf,16064,16155,0.9832745,0.983689,0.982036,0.967426,0.982673875,0.983689,0.2056772908366533,0.2532800169140004,0.2035704485159563,0.4268976384879668
email-Eu-core,2,5.0,dk1dp,16064,14910,0.8330044999999999,0.8651855,0.8658039999999999,0.8535969999999999,0.884213125,0.884213125,0.0727091633466134,0.2766771233902403,0.1780205651834115,0.0876502927646119
email-Eu-core,2,5.0,swap,16064,16064,0.99962925,0.999629,0.999455,0.981636,0.999587,0.99962925,0.0,0.006189811927992,0.0013202778597649,0.5478562984283522
ego-Facebook,0,0.5,tmf,88234,237448,0.571482375,0.6338805000000001,0.837281,0.623563,0.67352975,0.837281,1.8234807443842511,0.5652984297885122,0.2694785989253317,
ego-Facebook,0,0.5,dk1dp,88234,85899,0.783970375,0.818738,0.8373985,0.8022600000000001,0.8314928749999999,0.8373985,0.0311897907835982,0.5465655388014555,0.4016492547363118,
ego-Facebook,0,0.5,swap,88234,88234,0.986117,0.987416,0.9938495,0.968174,0.9878725,0.9938495,0.0,0.4335479061488618,0.2405304556073931,
ego-Facebook,0,1.0,tmf,88234,87669,0.5316925,0.600689,0.8405790000000002,0.569239,0.6337818749999999,0.8405790000000002,0.704966339506313,0.5838611876240504,0.7264409258012888,
ego-Facebook,0,1.0,dk1dp,88234,85528,0.7958123749999999,0.8466324999999999,0.8263175,0.830645,0.8410955,0.8466324999999999,0.0320511367500057,0.5405456961184735,0.409211606326053,
ego-Facebook,0,1.0,swap,88234,88234,0.994093125,0.9965495,0.995092,0.977055,0.995481625,0.9965495,0.0,0.3535418436387834,0.1894125745764871,
ego-Facebook,0,2.0,tmf,88234,89109,0.6183050000000001,0.6900465,0.8403259999999999,0.7096980000000002,0.7126917500000001,0.8403259999999999,0.6989595847405765,0.5831762736624435,0.7202039885066661,
ego-Facebook,0,2.0,dk1dp,88234,85621,0.79664425,0.8390389999999999,0.845771,0.8398539999999999,0.8482061249999999,0.8482061249999999,0.0300337738286828,0.5400869752975986,0.4068918472743055,
ego-Facebook,0,2.0,swap,88234,88234,0.99887825,0.998921,0.999084,0.985967,0.99900125,0.999084,0.0,0.1833605098067049,0.0962321295793665,
ego-Facebook,0,3.0,tmf,88234,88176,0.7950808749999999,0.8335429999999999,0.8735310000000001,0.876582,0.838706125,0.876582,0.6478795022326996,0.5801970195467052,0.7113709667916609,
ego-Facebook,0,3.0,dk1dp,88234,85691,0.7920826249999999,0.830261,0.845572,0.8142169999999999,0.840950625,0.845572,0.0295010993494571,0.5417230507286475,0.4059406836226312,
ego-Facebook,0,3.0,swap,88234,88234,0.999780125,0.999896,0.999125,0.987513,0.9997445,0.999896,0.0,0.0818960327869535,0.0392044657030976,
ego-Facebook,0,5.0,tmf,88234,88169,0.985506625,0.991593,0.989602,0.971818,0.98690575,0.991593,0.3579345830405513,0.5132673842094599,0.4367370807460269,
ego-Facebook,0,5.0,dk1dp,88234,85608,0.79653075,0.8396809999999999,0.832976,0.8229540000000001,0.8448897499999999,0.8448897499999999,0.0298751048348709,0.540932750364024,0.4071352611827945,
ego-Facebook,0,5.0,swap,88234,88234,0.999964875,0.999974,0.999794,0.986965,0.99991525,0.999974,0.0,0.0101029009891926,0.0055081887730437,
ego-Facebook,1,0.5,tmf,88234,237091,0.553269,0.6027064999999999,0.845575,0.5692379999999999,0.644820875,0.845575,1.821055375478841,0.5652842027869726,0.2707216652907858,
ego-Facebook,1,0.5,dk1dp,88234,86087,0.7910325,0.834136,0.844777,0.824624,0.83630575,0.844777,0.033207153704921,0.5450101498557806,0.4052728294938763,
ego-Facebook,1,0.5,swap,88234,88234,0.98548875,0.989552,0.9922325,0.961501,0.9876385,0.9922325,0.0,0.4247598035569335,0.244499312951142,
ego-Facebook,1,1.0,tmf,88234,88022,0.5231745,0.5935085,0.8408929999999999,0.567515,0.625073625,0.8408929999999999,0.7051930094974728,0.5835669286986507,0.7251665971279088,
ego-Facebook,1,1.0,dk1dp,88234,85667,0.7932792499999999,0.8350044999999999,0.8384505,0.828497,0.84170775,0.84170775,0.0307024503026045,0.5401011034665624,0.4081919489736423,
ego-Facebook,1,1.0,swap,88234,88234,0.995109125,0.9953585,0.993521,0.981952,0.99507175,0.9953585,0.0,0.3445265340535942,0.1935802034500293,
ego-Facebook,1,2.0,tmf,88234,88223,0.6044561250000001,0.7139655,0.844825,0.7439450000000001,0.7355462500000001,0.844825,0.696205544347984,0.5835371981394101,0.7230601923165979,
ego-Facebook,1,2.0,dk1dp,88234,85597,0.8015116250000001,0.8470039999999999,0.8551279999999999,0.8262750000000001,0.8510796250000001,0.8551279999999999,0.0302604438198427,0.5428872793373909,0.4083590123455637,
ego-Facebook,1,2.0,swap,88234,88234,0.99854825,0.998769,0.999123,0.986008,0.998507875,0.999123,0.0,0.1863726466850028,0.0895463709778621,
ego-Facebook,1,3.0,tmf,88234,88064,0.78902825,0.8146125,0.8763679999999999,0.8755839999999999,0.828042125,0.8763679999999999,0.6464514812883924,0.580401828109545,0.7112119707097572,
ego-Facebook,1,3.0,dk1dp,88234,85500,0.798037875,0.8432225,0.8507655,0.8489639999999999,0.8515648749999999,0.8515648749999999,0.0310537887889022,0.544217277050624,0.4082185015056583,
ego-Facebook,1,3.0,swap,88234,88234,0.99975575,0.999882,0.999853,0.987593,0.99971725,0.999882,0.0,0.083792097216946,0.0410064644633493,
ego-Facebook,1,5.0,tmf,88234,88301,0.987208625,0.9884715,0.986962,0.977567,0.988768125,0.988768125,0.3550558741528208,0.5117896500877938,0.4262169327865779,
ego-Facebook,1,5.0,dk1dp,88234,85673,0.7981919999999999,0.8376735,0.8434895,0.8239704999999999,0.84772275,0.84772275,0.0291270938640434,0.5427268032914316,0.4068970169894013,
ego-Facebook,1,5.0,swap,88234,88234,0.99997775,0.999987,0.999966,0.988227,0.9999825,0.999987,0.0,0.01019519382014,0.0057368437250433,
ego-Facebook,2,0.5,tmf,88234,237420,0.5519154999999999,0.6223,0.846523,0.5980530000000001,0.6559560000000001,0.846523,1.8249087653285587,0.5652221242791681,0.2696038355255196,
ego-Facebook,2,0.5,dk1dp,88234,85944,0.79333275,0.8299794999999999,0.8454885000000001,0.826269,0.8404461249999999,0.8454885000000001,0.0336264931885668,0.5433508983819236,0.4067124068507002,
ego-Facebook,2,0.5,swap,88234,88234,0.985178875,0.987676,0.9909795,0.973454,0.98730875,0.9909795,0.0,0.4240156257046997,0.2436142386214995,
ego-Facebook,2,1.0,tmf,88234,88202,0.522014375,0.5922395,0.8373565000000001,0.578514,0.6342583750000002,0.8373565000000001,0.7034023165673098,0.5833900549222999,0.7244073282005298,
ego-Facebook,2,1.0,dk1dp,88234,85846,0.7925525,0.8319289999999999,0.8429524999999999,0.8165674999999999,0.841591375,0.8429524999999999,0.0294444318516672,0.5413701024459171,0.4052574454732972,
ego-Facebook,2,1.0,swap,88234,88234,0.991393375,0.993122,0.993218,0.971769,0.992079125,0.993218,0.0,0.3373922075131151,0.1954587306592293,
ego-Facebook,2,2.0,tmf,88234,88494,0.60277775,0.7097260000000001,0.840079,0.737651,0.726199,0.840079,0.6951401953895325,0.5830375198810291,0.7220054874243251,
ego-Facebook,2,2.0,dk1dp,88234,85634,0.7752899999999999,0.8243095,0.8267355000000001,0.8119295,0.8298840000000001,0.8298840000000001,0.0303171113176327,0.54317514246001,0.4088058037505755,
ego-Facebook,2,2.0,swap,88234,88234,0.999413625,0.999739,0.999246,0.985758,0.99944775,0.999739,0.0,0.2017960093325121,0.0945497104069709,
ego-Facebook,2,3.0,tmf,88234,88371,0.8021428750000001,0.8385745,0.8779964999999998,0.882898,0.8380148749999999,0.882898,0.6466894847791103,0.5805542845293745,0.7097469702072209,
ego-Facebook,2,3.0,dk1dp,88234,85663,0.7826117499999998,0.8222705,0.8327979999999999,0.824053,0.834910875,0.834910875,0.0293990978534352,0.5425935019570632,0.4056737205065043,
ego-Facebook,2,3.0,swap,88234,88234,0.999547875,0.99911,0.998508,0.984783,0.999129,0.999547875,0.0,0.0790408555934052,0.0376129438138884,
ego-Facebook,2,5.0,tmf,88234,88878,0.98453075,0.9884615,0.989592,0.970555,0.985708125,0.989592,0.3555092141351408,0.5112888314710078,0.4286461144403141,
ego-Facebook,2,5.0,dk1dp,88234,85667,0.8025692499999999,0.8402424999999999,0.8466225,0.8190329999999999,0.848498125,0.848498125,0.0291724278622753,0.5428029251981212,0.4073542859177813,
ego-Facebook,2,5.0,swap,88234,88234,0.99996375,0.999954,0.999869,0.985388,0.9999235,0.99996375,0.0,0.0109887942802496,0.004996141002392,
ca-GrQc,0,0.5,tmf,14484,397375,0.5287535,0.527722,0.8368939999999999,0.492691,0.64566375,0.8368939999999999,26.43544600938967,0.508220644446406,2.345027030675734,
ca-GrQc,0,0.5,dk1dp,14484,16698,0.57366275,0.7543234999999999,0.838561,0.743936,0.766384375,0.838561,0.2903893951946977,0.5323029779016625,0.5935101023087124,
ca-GrQc,0,0.5,swap,14484,14484,0.934136,0.9453185,0.9545285,0.841391,0.9525463750000002,0.9545285,0.0,0.4115117446982359,0.2953654947095928,
ca-GrQc,0,1.0,tmf,14484,22919,0.505005375,0.521574,0.836049,0.503042,0.613390125,0.836049,0.9597486882076776,0.535465151873231,0.7837398484163719,
ca-GrQc,0,1.0,dk1dp,14484,15100,0.5750627500000001,0.7856850000000001,0.8159244999999999,0.769671,0.7957887499999999,0.8159244999999999,0.1310411488539078,0.5313450891934183,0.6114898400219935,
ca-GrQc,0,1.0,swap,14484,14484,0.9634048750000002,0.9677665,0.9717415,0.879677,0.971751625,0.971751625,0.0,0.330115361845657,0.2392831445681156,
ca-GrQc,0,2.0,tmf,14484,14633,0.501267875,0.538856,0.847749,0.497142,0.6347402499999999,0.847749,0.5893399613366475,0.5365188171621904,0.8523613992776364,
ca-GrQc,0,2.0,dk1dp,14484,14557,0.578270125,0.807864,0.841811,0.7828865,0.8283978750000001,0.841811,0.0576498204915769,0.5319479067132713,0.614903451817789,
ca-GrQc,0,2.0,swap,14484,14484,0.989877375,0.992112,0.993184,0.9216109999999998,0.99127475,0.993184,0.0,0.1713781014585833,0.1005451663094753,
ca-GrQc,0,3.0,tmf,14484,14379,0.5100848750000001,0.539107,0.830211,0.536664,0.6395656249999999,0.830211,0.5792598729632699,0.5363458012891745,0.854522375574494,
ca-GrQc,0,3.0,dk1dp,14484,14507,0.5768962500000001,0.825036,0.8146400000000001,0.7699900000000001,0.8259807499999999,0.8259807499999999,0.036315934824634,0.532720542122309,0.6162523267849742,
ca-GrQc,0,3.0,swap,14484,14484,0.9957032500000002,0.9948545,0.995542,0.921974,0.995610125,0.9957032500000002,0.0,0.0685866919233432,0.0436867062068777,
ca-GrQc,0,5.0,tmf,14484,14416,0.592954125,0.678605,0.8628914999999999,0.655875,0.7311871249999999,0.8628914999999999,0.5605495719414528,0.535835433878807,0.8416317595730692,
ca-GrQc,0,5.0,dk1dp,14484,14427,0.57654725,0.8170480000000001,0.8172134999999999,0.791247,0.8312828750000001,0.8312828750000001,0.017881800607567,0.5310935649134598,0.6122481490694602,
ca-GrQc,0,5.0,swap,14484,14484,0.999490125,0.9990905,0.999997,0.917809,0.999111875,0.999997,0.0,0.0053374562283291,0.0053190820378296,
ca-GrQc,1,0.5,tmf,14484,397506,0.528483625,0.542399,0.842859,0.492139,0.641411125,0.842859,26.444490472245235,0.5083328355198099,2.3456554305281165,
ca-GrQc,1,0.5,dk1dp,14484,16819,0.569151125,0.7362870000000001,0.8301925000000001,0.7264200000000001,0.7530133749999999,0.8301925000000001,0.2912869373101354,0.5344790931988511,0.5803151780286456,
ca-GrQc,1,0.5,swap,14484,14484,0.9363297499999998,0.951167,0.9519145,0.8502179999999999,0.954230875,0.954230875,0.0,0.4005292697810854,0.3051944567825581,
ca-GrQc,1,1.0,tmf,14484,23120,0.502286625,0.5105645,0.843184,0.498363,0.63637425,0.843184,0.9750759458713064,0.535219032959465,0.7833204255724497,
ca-GrQc,1,1.0,dk1dp,14484,15122,0.576128375,0.7930520000000001,0.8358069999999999,0.7722125,0.8024486249999999,0.8358069999999999,0.1388428610880973,0.5319706890066714,0.6131877444191676,
ca-GrQc,1,1.0,swap,14484,14484,0.96200375,0.971634,0.968729,0.8867704999999999,0.974340625,0.974340625,0.0,0.3077873241068215,0.2222432073337604,
ca-GrQc,1,2.0,tmf,14484,14518,0.5030357499999999,0.5265439999999999,0.8333815,0.4975805,0.6308707499999999,0.8333815,0.5805716652858328,0.5369110249543981,0.8523334248315624,
ca-GrQc,1,2.0,dk1dp,14484,14577,0.5811708750000001,0.7999865,0.8193790000000001,0.7800225000000001,0.81651225,0.8193790000000001,0.0550952775476388,0.5340288386878752,0.6170065271631104,
ca-GrQc,1,2.0,swap,14484,14484,0.99244,0.9923085,0.9928485,0.922083,0.99244025,0.9928485,0.0,0.1606043045166657,0.107830179585638,
ca-GrQc,1,3.0,tmf,14484,14563,0.514054375,0.5615024999999999,0.8287765,0.5362264999999999,0.649154625,0.8287765,0.5871996685998344,0.5338631617065349,0.8525244185430721,
ca-GrQc,1,3.0,dk1dp,14484,14386,0.58273875,0.8197205,0.8335175,0.7977399999999999,0.83210425,0.8335175,0.0312068489367578,0.5317892357201429,0.6082620380030626,
ca-GrQc,1,3.0,swap,14484,14484,0.99521125,0.9959520000000002,0.9944455,0.931687,0.994560875,0.9959520000000002,0.0,0.0692063463657435,0.0451358989328007,
ca-GrQc,1,5.0,tmf,14484,14494,0.599535875,0.6838084999999999,0.850034,0.666956,0.7313384999999999,0.850034,0.5622065727699532,0.534205685849059,0.8444026219726998,
ca-GrQc,1,5.0,dk1dp,14484,14439,0.5821721249999999,0.827772,0.8305915,0.7917665,0.8311785,0.8311785,0.0174675504004419,0.533066364437413,0.6134449174422013,
ca-GrQc,1,5.0,swap,14484,14484,0.99974775,0.9996815,0.999999,0.917765,0.999840625,0.999999,0.0,0.0049182237794243,0.0043951284364294,
ca-GrQc,2,0.5,tmf,14484,397251,0.54622925,0.564936,0.8458009999999999,0.520575,0.6606887499999999,0.8458009999999999,26.42688483844242,0.5083857146188758,2.34336850208923,
ca-GrQc,2,0.5,dk1dp,14484,17016,0.572611,0.7439150000000001,0.8339475000000001,0.735393,0.7625335000000001,0.8339475000000001,0.3073046119856395,0.529626404742259,0.5869931951733254,
ca-GrQc,2,0.5,swap,14484,14484,0.934720875,0.9514175,0.9517290000000002,0.8395705000000001,0.9526202500000002,0.9526202500000002,0.0,0.4172075940928688,0.2801546440045559,
ca-GrQc,2,1.0,tmf,14484,22988,0.503283,0.507762,0.8250785,0.508572,0.6371181250000001,0.8250785,0.969828776581055,0.5359854743612006,0.7838017619401254,
ca-GrQc,2,1.0,dk1dp,14484,15316,0.577012875,0.7872469999999999,0.8009514999999999,0.759443,0.7893645,0.8009514999999999,0.140016570008285,0.5303865631475547,0.6115156948208261,
ca-GrQc,2,1.0,swap,14484,14484,0.966506375,0.9772854999999998,0.977515,0.882474,0.975645875,0.977515,0.0,0.3330394023739864,0.2170212419706411,
ca-GrQc,2,2.0,tmf,14484,14688,0.5037508749999999,0.5202815000000001,0.8282129999999999,0.5076245,0.6343681250000001,0.8282129999999999,0.5891328362330849,0.5366807219240951,0.8513315006677704,
ca-GrQc,2,2.0,dk1dp,14484,14578,0.574674,0.815101,0.8200284999999999,0.7831359999999999,0.81222775,0.8200284999999999,0.0608947804473902,0.5316839177019352,0.6148990957524603,
ca-GrQc,2,2.0,swap,14484,14484,0.993812,0.9926015,0.9921905,0.913128,0.994437875,0.994437875,0.0,0.1774008590009881,0.1064520298681958,
ca-GrQc,2,3.0,tmf,14484,14380,0.511803,0.5446955,0.8357825,0.5110605,0.63818075,0.8357825,0.5762910798122067,0.5355505631939365,0.8539163988923797,
ca-GrQc,2,3.0,dk1dp,14484,14433,0.5766979999999999,0.8218700000000001,0.8299135,0.7892790000000001,0.8281214999999998,0.8299135,0.0350041425020712,0.5300427735765202,0.6145341788329308,
ca-GrQc,2,3.0,swap,14484,14484,0.996232875,0.997786,0.9966455,0.9238265,0.996547125,0.997786,0.0,0.0826196775812647,0.0412952442934717,
ca-GrQc,2,5.0,tmf,14484,14461,0.61406175,0.6928535000000001,0.853885,0.673599,0.74031425,0.853885,0.5622756144711407,0.5342442139875873,0.8307163255889638,
ca-GrQc,2,5.0,dk1dp,14484,14427,0.579817,0.8224205000000001,0.8162630000000001,0.784487,0.8304167500000001,0.8304167500000001,0.0198840099420051,0.5264950269567696,0.6188361479791891,
ca-GrQc,2,5.0,swap,14484,14484,0.999241,0.9989865,0.999952,0.935212,0.99934175,0.999952,0.0,0.0092509162485152,0.0065998905074053,
com-DBLP,0,0.5,tmf,1049866,1049893,0.5,0.5284300000000001,0.841548,0.515352,0.5169855000000001,0.841548,0.5567005694060003,0.6351770350512084,0.9328835404814224,0.7849777321619463
com-DBLP,0,0.5,dk1dp,1049866,1173314,0.5035,0.7392480000000001,0.841114,0.6992860000000001,0.7373005,0.841114,0.2377150988792855,0.635037912888145,0.7879861221386185,0.775970453066464
com-DBLP,0,0.5,swap,1049866,1049866,0.9479285,0.963686,0.975766,0.8093359999999999,0.9707765,0.975766,0.0,0.4739763007554143,0.3604959522265801,0.7872964851981062
com-DBLP,0,1.0,tmf,1049866,1051099,0.5005,0.447062,0.847802,0.490888,0.4770515000000001,0.847802,0.5574740014439938,0.6351770350512084,0.9328344413361772,0.785138812089333
com-DBLP,0,1.0,dk1dp,1049866,1082845,0.5035,0.8235779999999999,0.836934,0.7500260000000001,0.8010290000000001,0.836934,0.0998603631320571,0.634975238900453,0.7930133945122411,0.7739825110430829
com-DBLP,0,1.0,swap,1049866,1049866,0.97892,0.990246,0.988732,0.803004,0.9875294999999998,0.990246,0.0,0.3850575936077964,0.2609977104570585,0.789221780122566
com-DBLP,0,2.0,tmf,1049866,1051293,0.5,0.50109,0.847426,0.5258079999999999,0.4924215,0.847426,0.5574082787708146,0.6351770350512084,0.9328161386610208,0.7857981635222544
com-DBLP,0,2.0,dk1dp,1049866,1056476,0.5035,0.7888900000000001,0.8064680000000001,0.7654700000000001,0.8032355,0.8064680000000001,0.0398346074641905,0.6331568982709921,0.7945908419364651,0.7751666506239315
com-DBLP,0,2.0,swap,1049866,1049866,0.991,0.99525,0.992372,0.822056,0.9934625,0.99525,0.0,0.2017922717516748,0.1137467536381003,0.7926384586891508
com-DBLP,0,3.0,tmf,1049866,1049426,0.5005,0.536906,0.864488,0.501492,0.472937,0.864488,0.5563081383719445,0.6351770350512084,0.932913170611946,0.7855846204954807
com-DBLP,0,3.0,dk1dp,1049866,1051977,0.502497,0.827448,0.83345,0.7811760000000001,0.826533,0.83345,0.0220351930627338,0.6348033045308429,0.794667165017268,0.7748843393858236
com-DBLP,0,3.0,swap,1049866,1049866,0.999,0.998854,0.998838,0.876728,0.9992195,0.9992195,0.0,0.080483166180264,0.0475479409439761,0.7952831621083136
com-DBLP,0,5.0,tmf,1049866,1049362,0.502,0.4904,0.8461180000000001,0.4964519999999999,0.5043019999999999,0.8461180000000001,0.5560204826139717,0.6351770350512084,0.932886722326461,0.7859886775559799
com-DBLP,0,5.0,dk1dp,1049866,1050355,0.5020005,0.821516,0.84163,0.755494,0.830507,0.84163,0.0098641159919457,0.6351362755063577,0.7947790499909921,0.7753476873627704
com-DBLP,0,5.0,swap,1049866,1049866,1.0,1.0,1.0,0.817016,0.99998,1.0,0.0,0.0145269364985254,0.0049517214026362,0.7959353622636761
ogbl-collab,0,0.5,tmf,967632,967606,0.5,0.4941399999999999,0.83893,0.50112,0.5001914999999999,0.83893,0.6155077550143034,0.7261179127435162,0.9390415228862136,
ogbl-collab,0,0.5,dk1dp,967632,1048628,0.5079994999999999,0.7846500000000001,0.832476,0.748632,0.7776694999999999,0.832476,0.1861286108768622,0.72600838970146,0.7897910566588363,
ogbl-collab,0,0.5,swap,967632,967632,0.9585,0.9793559999999998,0.979568,0.798688,0.9744835,0.979568,0.0,0.5728583469545028,0.3608099022856706,
ogbl-collab,0,1.0,tmf,967632,967189,0.5,0.502914,0.8405719999999999,0.487236,0.5073365,0.8405719999999999,0.6149517585197685,0.7260922717178752,0.9390227762353974,
ogbl-collab,0,1.0,dk1dp,967632,987502,0.5155,0.7936620000000001,0.83544,0.756116,0.7997965,0.83544,0.077821940572449,0.7257901565941226,0.7920363216115774,
ogbl-collab,0,1.0,swap,967632,967632,0.982,0.986868,0.98956,0.818936,0.9859435,0.98956,0.0,0.4579829825751167,0.2578133226888369,
ogbl-collab,0,2.0,tmf,967632,967790,0.5005,0.504778,0.856688,0.474804,0.491565,0.856688,0.6156493377647706,0.7261179127435162,0.9390200018723308,
ogbl-collab,0,2.0,dk1dp,967632,971264,0.508004,0.81509,0.8364199999999999,0.78464,0.8252685000000001,0.8364199999999999,0.0294223423780941,0.7256447239565768,0.7910540374512998,
ogbl-collab,0,2.0,swap,967632,967632,0.995,0.993594,0.999562,0.79221,0.9955985,0.999562,0.0,0.2410448819689361,0.1091574134393044,
ogbl-collab,0,3.0,tmf,967632,968548,0.5,0.4954439999999999,0.8244779999999998,0.490912,0.5019589999999999,0.8244779999999998,0.6165081353241733,0.7260876097132132,0.9389861363186076,
ogbl-collab,0,3.0,dk1dp,967632,968700,0.5095139999999999,0.827862,0.8317599999999999,0.767248,0.8255945,0.8317599999999999,0.0162696148949187,0.7258795405992464,0.7920090176954544,
ogbl-collab,0,3.0,swap,967632,967632,0.9995,0.999932,0.998126,0.798176,0.9988345,0.999932,0.0,0.0846231863811293,0.046441514400738,
ogbl-collab,0,5.0,tmf,967632,967964,0.5,0.4766159999999999,0.8352299999999999,0.4925839999999999,0.5143930000000001,0.8352299999999999,0.615199786695769,0.7260464841720876,0.9389776270126536,
ogbl-collab,0,5.0,dk1dp,967632,967686,0.5069935,0.8519880000000001,0.8409040000000001,0.7907160000000001,0.8482795,0.8519880000000001,0.0068218082907551,0.7260077189061539,0.791856646483189,
ogbl-collab,0,5.0,swap,967632,967632,1.0,1.0,0.999976,0.7747759999999999,0.99982,1.0,0.0,0.0126201459967708,0.0066382510783605,
com-DBLP,1,0.5,tmf,1049866,1048343,0.5005,0.4635559999999999,0.84426,0.489708,0.492568,0.84426,0.5563957686028501,0.6351770350512084,0.9329983787798682,0.7852829966346175
com-DBLP,1,0.5,dk1dp,1049866,1172073,0.5,0.7480239999999999,0.8213400000000001,0.7089380000000001,0.731943,0.8213400000000001,0.2373274303577789,0.6350389406351533,0.7876174802162005,0.7760422539587977
com-DBLP,1,0.5,swap,1049866,1049866,0.9425,0.98092,0.9747479999999998,0.7907599999999999,0.9730715,0.98092,0.0,0.4967448743888277,0.3619622948113318,0.7874913899577332
com-DBLP,1,1.0,tmf,1049866,1051001,0.5,0.485494,0.860066,0.509842,0.494354,0.860066,0.5568424922799672,0.6350262414004147,0.9327934547345618,0.785369031417743
com-DBLP,1,1.0,dk1dp,1049866,1083692,0.5025,0.7760460000000001,0.82525,0.7407219999999999,0.7720684999999999,0.82525,0.1003004192916049,0.6351658714263868,0.7929895422966536,0.7753794422521879
com-DBLP,1,1.0,swap,1049866,1049866,0.976976,0.991454,0.985886,0.802824,0.9864815,0.991454,0.0,0.3919257043802244,0.2600101916637548,0.7895832048219817
com-DBLP,1,2.0,tmf,1049866,1047058,0.5,0.547822,0.841042,0.525626,0.5354235,0.841042,0.5560404851666785,0.6351770350512084,0.9330869566935333,0.7857629008373325
com-DBLP,1,2.0,dk1dp,1049866,1055792,0.5025,0.800716,0.819284,0.749292,0.8183120000000002,0.819284,0.0389002025020337,0.6350861209845425,0.7942283558934016,0.775253200837427
com-DBLP,1,2.0,swap,1049866,1049866,0.9945,0.997384,0.998766,0.835088,0.9975965,0.998766,0.0,0.1857766962677166,0.1085795039266207,0.792591039320538
com-DBLP,1,3.0,tmf,1049866,1049904,0.5005,0.51912,0.8397379999999999,0.492852,0.5156189999999999,0.8397379999999999,0.5566472292654492,0.6351770350512084,0.9328875215073428,0.7852319823393809
com-DBLP,1,3.0,dk1dp,1049866,1052071,0.5024989999999999,0.8256760000000001,0.8317220000000001,0.7493159999999999,0.8248750000000001,0.8317220000000001,0.0220561481179504,0.6350333052351566,0.7950028034279838,0.7767881455945665
com-DBLP,1,3.0,swap,1049866,1049866,0.997996,0.999964,0.999618,0.804288,0.998943,0.999964,0.0,0.0853335221355818,0.0461660647825415,0.7952034585812207
com-DBLP,1,5.0,tmf,1049866,1047817,0.501,0.54765,0.83361,0.504024,0.5235204999999999,0.83361,0.5563576685024565,0.6351406714148448,0.9330345822649616,0.7844406277903154
com-DBLP,1,5.0,dk1dp,1049866,1050243,0.5045,0.8408979999999999,0.834856,0.797144,0.8434210000000002,0.8434210000000002,0.0098212533790027,0.6344938146010917,0.7946187991441803,0.7757748889482148
com-DBLP,1,5.0,swap,1049866,1049866,0.9995,0.999714,1.0,0.8372680000000001,0.999803,1.0,0.0,0.0134684387956185,0.008072923180114,0.796049834883913
com-DBLP,2,0.5,tmf,1049866,1048997,0.5,0.4929179999999999,0.838424,0.5073400000000001,0.497439,0.838424,0.5562919458292773,0.6351770350512084,0.9329431248302564,0.7860619097313736
com-DBLP,2,0.5,dk1dp,1049866,1173725,0.5010004999999998,0.767842,0.8500919999999998,0.733774,0.7559010000000002,0.8500919999999998,0.2369902444692941,0.6350853004724681,0.7883079955840346,0.7750928381027115
com-DBLP,2,0.5,swap,1049866,1049866,0.9509305,0.973826,0.97561,0.7846960000000001,0.975303,0.97561,0.0,0.4890871030367823,0.3622426213908707,0.7870154965280052
com-DBLP,2,1.0,tmf,1049866,1050163,0.5,0.498512,0.8451,0.47144,0.4989475,0.8451,0.5569101199581661,0.6351056064797798,0.9329120146028224,0.7847513362619077
com-DBLP,2,1.0,dk1dp,1049866,1083148,0.501501,0.7800360000000001,0.820988,0.7588039999999999,0.7915310000000001,0.820988,0.1000175260461813,0.6349530003476243,0.7939080121777774,0.7757175795576351
com-DBLP,2,1.0,swap,1049866,1049866,0.972972,0.985658,0.981694,0.798368,0.982572,0.985658,0.0,0.3821923483038791,0.2686707702958256,0.7896870213448853
com-DBLP,2,2.0,tmf,1049866,1049955,0.4995,0.537886,0.84128,0.5180520000000001,0.532926,0.84128,0.5568853548929101,0.6351770350512084,0.9328950441743912,0.784791239534703
com-DBLP,2,2.0,dk1dp,1049866,1056314,0.5004995,0.813446,0.846414,0.753048,0.8098629999999999,0.846414,0.0393640712243278,0.6347977377770829,0.7943276807444803,0.7742154019454199
com-DBLP,2,2.0,swap,1049866,1049866,0.9915,0.994616,0.992188,0.8296040000000001,0.9943135,0.994616,0.0,0.2219885642370917,0.1166855440774135,0.7927477271336156
com-DBLP,2,3.0,tmf,1049866,1051016,0.501,0.485134,0.834864,0.4961319999999999,0.5018560000000001,0.834864,0.5574044687607752,0.6351770350512084,0.932848117446632,0.7854220409891972
com-DBLP,2,3.0,dk1dp,1049866,1051187,0.5035,0.826078,0.814066,0.790864,0.8248419999999999,0.826078,0.0215256042199672,0.6351711816756261,0.7944263001092425,0.7766528528505158
com-DBLP,2,3.0,swap,1049866,1049866,0.998,0.999996,0.999632,0.830488,0.9983355,0.999996,0.0,0.078801706358116,0.0463879535288036,0.7947718185027035
com-DBLP,2,5.0,tmf,1049866,1050982,0.5025,0.503872,0.8443559999999999,0.499816,0.4998255000000001,0.8443559999999999,0.5573854187105783,0.6351770350512084,0.9328514580258616,0.785171903610499
com-DBLP,2,5.0,dk1dp,1049866,1050443,0.504,0.8176379999999999,0.822154,0.7816879999999999,0.822615,0.822615,0.0100955741018378,0.6347261248230266,0.7948432004343702,0.7765656538173729
com-DBLP,2,5.0,swap,1049866,1049866,0.9994995,1.0,0.99929,0.8157000000000001,0.999604,1.0,0.0,0.0140945273111167,0.0073997929305491,0.7960222774661639
ogbl-collab,1,0.5,tmf,967632,968275,0.5,0.502652,0.8477760000000001,0.5036160000000001,0.4909805,0.8477760000000001,0.6155005208591702,0.7261179127435162,0.9389644643750734,
ogbl-collab,1,0.5,dk1dp,967632,1047887,0.5095,0.7791419999999999,0.8161099999999999,0.757776,0.776605,0.8161099999999999,0.1858072076987947,0.7255477999508909,0.7893506870030933,
ogbl-collab,1,0.5,swap,967632,967632,0.969,0.984404,0.983646,0.77674,0.9850695,0.9850695,0.0,0.5438103547268304,0.3579874773123162,
ogbl-collab,1,1.0,tmf,967632,967405,0.5000005,0.4981360000000001,0.8394459999999998,0.5223040000000001,0.4776930000000001,0.8394459999999998,0.6149930965491018,0.7261179127435162,0.9390122651352693,
ogbl-collab,1,1.0,dk1dp,967632,988213,0.513503,0.80862,0.828426,0.777692,0.807803,0.828426,0.0785835937629181,0.7254767056546373,0.7923513637169927,
ogbl-collab,1,1.0,swap,967632,967632,0.9824655,0.98923,0.981274,0.818516,0.987534,0.98923,0.0,0.4485516147512833,0.2564247517087217,
ogbl-collab,1,2.0,tmf,967632,967010,0.5000005,0.48328,0.828666,0.5061840000000001,0.487938,0.828666,0.6158467268548379,0.7261179127435162,0.9390921932196372,
ogbl-collab,1,2.0,dk1dp,967632,970947,0.5065,0.821764,0.844936,0.796872,0.8318215,0.844936,0.0291629462440268,0.7259591120552781,0.7915731751931556,
ogbl-collab,1,2.0,swap,967632,967632,0.998,0.99932,0.999222,0.81908,0.9981315,0.99932,0.0,0.2272474041114331,0.1100925795645607,
ogbl-collab,1,3.0,tmf,967632,967002,0.5005,0.52361,0.8465560000000001,0.498328,0.525947,0.8465560000000001,0.6144722373795001,0.7261179127435162,0.9390379959549876,
ogbl-collab,1,3.0,dk1dp,967632,968773,0.507494,0.829044,0.836902,0.7846200000000001,0.8256505,0.836902,0.0156020057211832,0.7239399185969797,0.7921990388820904,
ogbl-collab,1,3.0,swap,967632,967632,0.999,1.0,0.999778,0.806372,0.999251,1.0,0.0,0.0916302052652063,0.0453745008490451,
ogbl-collab,1,5.0,tmf,967632,967896,0.505,0.4978879999999999,0.8415379999999999,0.4934999999999999,0.4949745,0.8415379999999999,0.6153320683896362,0.7261179127435162,0.939011040112264,
ogbl-collab,1,5.0,dk1dp,967632,967773,0.513,0.8423039999999999,0.83915,0.7890739999999999,0.8433990000000001,0.8433990000000001,0.0070295318881556,0.7259405578166531,0.7923129448533672,
ogbl-collab,1,5.0,swap,967632,967632,1.0,1.0,1.0,0.7687900000000001,0.999998,1.0,0.0,0.0118454276666134,0.0050146803297826,
ogbl-collab,2,0.5,tmf,967632,965910,0.501,0.4774679999999999,0.8601320000000001,0.485992,0.5141285,0.8601320000000001,0.6143957620252333,0.7261179127435162,0.9391126445181333,
ogbl-collab,2,0.5,dk1dp,967632,1049014,0.508,0.7678400000000001,0.863988,0.7343839999999999,0.7692965,0.863988,0.1860542024240619,0.7257582381002575,0.7889268435646595,
ogbl-collab,2,0.5,swap,967632,967632,0.960961,0.9787,0.97548,0.76828,0.976854,0.9787,0.0,0.5551284912110059,0.3668050556545784,
ogbl-collab,2,1.0,tmf,967632,967484,0.5005,0.506292,0.8498979999999999,0.504312,0.494585,0.8498979999999999,0.6153889081799697,0.7261179127435162,0.939019760536714,
ogbl-collab,2,1.0,dk1dp,967632,987930,0.5105069999999999,0.8198319999999999,0.8485739999999999,0.7879800000000001,0.8114470000000001,0.8485739999999999,0.0785288208740513,0.7259821572417086,0.7918446150843902,
ogbl-collab,2,1.0,swap,967632,967632,0.9825,0.988786,0.9925699999999998,0.806824,0.9900465,0.9925699999999998,0.0,0.4412664430167459,0.2652022936770348,
ogbl-collab,2,2.0,tmf,967632,966108,0.5005,0.472516,0.8197340000000001,0.471076,0.4933925,0.8197340000000001,0.6140009838450986,0.7261179127435162,0.93908194691965,
ogbl-collab,2,2.0,dk1dp,967632,971145,0.504497,0.8299119999999999,0.8509439999999999,0.7751399999999999,0.8351990000000001,0.8509439999999999,0.0294946839294277,0.7258243922019728,0.7915582662217526,
ogbl-collab,2,2.0,swap,967632,967632,0.994954,0.99777,0.998552,0.797444,0.996497,0.998552,0.0,0.2307723217766073,0.1139918436521374,
ogbl-collab,2,3.0,tmf,967632,968329,0.5005,0.5006979999999999,0.846694,0.505944,0.5053989999999999,0.846694,0.6159614398862381,0.7260815491071526,0.9389924042340314,
ogbl-collab,2,3.0,dk1dp,967632,967904,0.512495,0.8425220000000001,0.837264,0.8003760000000002,0.8381945000000002,0.8425220000000001,0.0153663789539825,0.7256822378196502,0.7915760359214343,
ogbl-collab,2,3.0,swap,967632,967632,1.0,0.99998,1.0,0.7831599999999999,0.999776,1.0,0.0,0.0879521465913035,0.0455582934994421,
ogbl-collab,2,5.0,tmf,967632,968077,0.5020025,0.5197080000000001,0.87469,0.508044,0.516293,0.87469,0.6152824627544362,0.7260623571879606,0.9389582753382152,
ogbl-collab,2,5.0,dk1dp,967632,967711,0.5085000000000001,0.8197760000000001,0.8423139999999999,0.782536,0.8347244999999999,0.8423139999999999,0.006932387519222,0.7256675994798835,0.792383511288771,
ogbl-collab,2,5.0,swap,967632,967632,0.9994995,1.0,0.99994,0.7833180000000001,0.9990175,1.0,0.0,0.0177889693509873,0.0065284295393391,
email-Eu-core,0,0.5,dk2dp,16064,16037,0.8034565,0.842374,0.85734,0.8022239999999999,0.857451,0.857451,0.0964267928286852,0.2499082886296196,0.0976316196149774,0.0680282756401695
email-Eu-core,0,1.0,dk2dp,16064,16046,0.816054,0.8509479999999999,0.8809119999999999,0.8343939999999999,0.8719680000000001,0.8809119999999999,0.0846613545816733,0.2492002737521261,0.0572493398864899,0.0782211012627306
email-Eu-core,0,2.0,dk2dp,16064,16056,0.811445,0.839278,0.8487,0.8071759999999999,0.8581709999999999,0.8581709999999999,0.0698456175298804,0.2570224008457572,0.0518385915862956,0.1162390404007276
email-Eu-core,0,3.0,dk2dp,16064,16061,0.8374300000000001,0.8656299999999998,0.8779659999999999,0.837442,0.885622,0.885622,0.0697833665338645,0.2510942614369756,0.0514363212891349,0.1047529898480315
email-Eu-core,0,5.0,dk2dp,16064,16062,0.8269655,0.8773260000000003,0.86156,0.854116,0.8752075000000001,0.8773260000000003,0.068289342629482,0.2513137393140223,0.0487388925306878,0.1127793006467819
email-Eu-core,1,0.5,dk2dp,16064,16109,0.82295,0.8629,0.8869279999999999,0.838768,0.877308,0.8869279999999999,0.1022161354581673,0.2557515043223721,0.0953355755080676,0.0582165401122501
email-Eu-core,1,1.0,dk2dp,16064,16088,0.8339125000000001,0.87142,0.877204,0.8534839999999999,0.8789385,0.8789385,0.0775024900398406,0.2504876534351892,0.0592717113518825,0.0714273482975337
email-Eu-core,1,2.0,dk2dp,16064,16048,0.8238965,0.8613440000000001,0.87186,0.8338319999999999,0.8716195,0.87186,0.0728336653386454,0.246107141423611,0.0550076619322307,0.0938836893964255
email-Eu-core,1,3.0,dk2dp,16064,16076,0.8369504999999999,0.8694279999999999,0.8620559999999999,0.85456,0.8825375,0.8825375,0.0699701195219123,0.2548787635803243,0.0539117172650173,0.1014553872688269
email-Eu-core,1,5.0,dk2dp,16064,16066,0.8324,0.84351,0.857044,0.8335080000000001,0.8708625000000001,0.8708625000000001,0.0718376494023904,0.256045604691599,0.0508130111197838,0.1220591128522356
email-Eu-core,2,0.5,dk2dp,16064,16087,0.8011394999999999,0.841158,0.8768440000000001,0.787586,0.8593855,0.8768440000000001,0.1116782868525896,0.2635819955704388,0.0918196828776411,0.0643408991713566
email-Eu-core,2,1.0,dk2dp,16064,16053,0.8372525,0.8767960000000001,0.8908559999999999,0.8155640000000001,0.8869929999999999,0.8908559999999999,0.0809262948207171,0.253573623327649,0.0572579257747271,0.0652773073611288
email-Eu-core,2,2.0,dk2dp,16064,16066,0.8212984999999999,0.8696379999999999,0.879664,0.84358,0.8753629999999999,0.879664,0.0770667330677291,0.2549568472611573,0.0554058830391878,0.1136108709524017
email-Eu-core,2,3.0,dk2dp,16064,16064,0.8396585,0.8739420000000001,0.8781039999999999,0.8485640000000001,0.877983,0.8781039999999999,0.0681648406374502,0.2588029131244171,0.0502574031254586,0.0964385240291749
email-Eu-core,2,5.0,dk2dp,16064,16062,0.8441504999999998,0.8603660000000001,0.8711100000000002,0.8566959999999999,0.881148,0.881148,0.0733939243027888,0.2579281467135547,0.0517358634111291,0.1052995813645955
ego-Facebook,0,0.5,dk2dp,88234,88212,0.7465835,0.8245279999999999,0.834788,0.779132,0.8057340000000001,0.834788,0.0889226375320169,0.5480294862000235,0.2506852324594164,
ego-Facebook,0,1.0,dk2dp,88234,88225,0.7788635,0.811286,0.834304,0.781704,0.8317075,0.834304,0.0779518099598791,0.5494346186002647,0.2406371220365039,
ego-Facebook,0,2.0,dk2dp,88234,88242,0.790304,0.8301179999999999,0.8356359999999999,0.806692,0.8430709999999999,0.8430709999999999,0.0775891379740234,0.5497893341138133,0.2390183405585273,
ego-Facebook,0,3.0,dk2dp,88234,88229,0.8013345000000002,0.830826,0.85064,0.820448,0.8482779999999999,0.85064,0.0735317451322617,0.547078898347057,0.2373651896749498,
ego-Facebook,0,5.0,dk2dp,88234,88229,0.7870345,0.8239879999999999,0.8153840000000001,0.816696,0.8293790000000001,0.8293790000000001,0.0734637441349137,0.549949015602871,0.2367874768790933,
ego-Facebook,1,0.5,dk2dp,88234,88207,0.7664475000000001,0.7990959999999998,0.8257159999999999,0.7841,0.808975,0.8257159999999999,0.0902486569803022,0.55181139181673,0.2542232558807319,
ego-Facebook,1,1.0,dk2dp,88234,88261,0.7940385000000001,0.84508,0.842316,0.8276840000000001,0.8471535,0.8471535,0.0802071763719199,0.5463906196275411,0.2421989933475989,
ego-Facebook,1,2.0,dk2dp,88234,88231,0.7772175000000001,0.8051159999999999,0.831672,0.7998,0.8257424999999999,0.831672,0.0775891379740233,0.5458598884828021,0.2347880656156857,
ego-Facebook,1,3.0,dk2dp,88234,88240,0.7657245000000001,0.8152200000000001,0.826804,0.806168,0.821353,0.826804,0.072874402157898,0.5418599829182397,0.2365808662064386,
ego-Facebook,1,5.0,dk2dp,88234,88232,0.7837085,0.8354539999999999,0.8213279999999998,0.812732,0.834264,0.8354539999999999,0.0757531110456284,0.5454106235110915,0.2375452434162002,
ego-Facebook,2,0.5,dk2dp,88234,88217,0.7781849999999999,0.8154399999999999,0.824104,0.7794559999999999,0.8283175,0.8283175,0.0924813563932268,0.5505462874351615,0.2511080881439958,
ego-Facebook,2,1.0,dk2dp,88234,88223,0.7795240000000001,0.824622,0.8287159999999999,0.7962560000000001,0.831118,0.831118,0.0772264659881676,0.5484815107400417,0.2447667387919704,
ego-Facebook,2,2.0,dk2dp,88234,88244,0.7830219999999999,0.8412459999999999,0.8188439999999999,0.8022819999999999,0.8296760000000001,0.8412459999999999,0.074744429584967,0.5438057426148574,0.2378790392445743,
ego-Facebook,2,3.0,dk2dp,88234,88228,0.7900065,0.829256,0.843012,0.805908,0.8420235,0.843012,0.0736224131287256,0.5446894703134991,0.2371222776005831,
ego-Facebook,2,5.0,dk2dp,88234,88227,0.7735470000000001,0.8274359999999998,0.837928,0.792748,0.835617,0.837928,0.0728970691570141,0.5488427895572394,0.2360848138470981,
ca-GrQc,0,0.5,dk2dp,14484,14526,0.5546489999999998,0.686256,0.820496,0.6109720000000001,0.7109780000000001,0.820496,0.2502071251035626,0.5351205390392856,0.5258116691104592,
ca-GrQc,0,1.0,dk2dp,14484,14476,0.5942995,0.7126979999999999,0.8202099999999999,0.619636,0.746737,0.8202099999999999,0.134286108809721,0.5341707880062673,0.3355571177775547,
ca-GrQc,0,2.0,dk2dp,14484,14482,0.5981785,0.764196,0.815484,0.6969839999999999,0.7773909999999999,0.815484,0.0667633250483293,0.5315745493840289,0.2432907035814047,
ca-GrQc,0,3.0,dk2dp,14484,14482,0.605368,0.766738,0.817756,0.722754,0.7895359999999999,0.817756,0.0546119856393263,0.5284612180537627,0.214505089638068,
ca-GrQc,0,5.0,dk2dp,14484,14487,0.6099220000000001,0.766932,0.838256,0.7163539999999999,0.794203,0.838256,0.055647611157139,0.5310453937801622,0.2151619937897661,
ca-GrQc,1,0.5,dk2dp,14484,14428,0.5421334999999999,0.6928,0.810974,0.630056,0.7174754999999999,0.810974,0.2599420049710026,0.5328379807593258,0.6041572557272329,
ca-GrQc,1,1.0,dk2dp,14484,14482,0.602665,0.76333,0.829202,0.6299520000000001,0.7775285,0.829202,0.1302126484396577,0.5331501554095027,0.342314009631646,
ca-GrQc,1,2.0,dk2dp,14484,14481,0.6018355000000001,0.75327,0.8240839999999999,0.654992,0.769411,0.8240839999999999,0.0718724109362055,0.5323381971071802,0.2616937667436273,
ca-GrQc,1,3.0,dk2dp,14484,14486,0.5884710000000001,0.7757879999999999,0.813928,0.7012280000000001,0.7926219999999999,0.813928,0.0522645677989507,0.5308541391507919,0.231989412275135,
ca-GrQc,1,5.0,dk2dp,14484,14481,0.6139869999999998,0.7787,0.811498,0.706744,0.7792705000000001,0.811498,0.0561999447666392,0.5296230678900167,0.2248870925495303,
ca-GrQc,2,0.5,dk2dp,14484,14443,0.550026,0.7026939999999999,0.8404280000000001,0.6101240000000001,0.713847,0.8404280000000001,0.2462717481358741,0.5347049764153151,0.5418457167016486,
ca-GrQc,2,1.0,dk2dp,14484,14472,0.5903434999999999,0.734286,0.8456119999999999,0.615828,0.7609719999999999,0.8456119999999999,0.1266224799779068,0.5339719328727377,0.3456055378874105,
ca-GrQc,2,2.0,dk2dp,14484,14479,0.59152,0.7655339999999999,0.8222079999999998,0.672268,0.765113,0.8222079999999998,0.0697321181993925,0.5309056133938652,0.2373861653067417,
ca-GrQc,2,3.0,dk2dp,14484,14494,0.6091795000000001,0.787096,0.8413199999999998,0.715534,0.7968045000000001,0.8413199999999998,0.0543358188345762,0.52935830394425,0.2411804030185257,
ca-GrQc,2,5.0,dk2dp,14484,14487,0.6064194999999999,0.767018,0.821722,0.7208680000000001,0.7885965,0.821722,0.0548191107428888,0.5277076243647378,0.2177321947310593,
com-DBLP,0,0.5,dk2dp,1049866,1049832,0.505,0.715086,0.814654,0.544684,0.7021775000000001,0.814654,0.2077703249748067,0.6351085691212547,0.7017419275501627,0.7817837555114391
com-DBLP,0,1.0,dk2dp,1049866,1049868,0.5095,0.7440000000000002,0.8481740000000001,0.66896,0.7600655,0.8481740000000001,0.1075194358137135,0.6350199124971536,0.6827119489109098,0.7783825866679688
com-DBLP,0,2.0,dk2dp,1049866,1049860,0.506,0.782384,0.838702,0.6302679999999999,0.7758900000000002,0.838702,0.0577730872320851,0.6351410389863884,0.6789087237045619,0.7757231073863323
com-DBLP,0,3.0,dk2dp,1049866,1049868,0.5069984999999999,0.801156,0.853824,0.6998559999999999,0.8041955000000002,0.853824,0.0505512132024472,0.635150712819292,0.6771960708998405,0.7765653771147077
com-DBLP,0,5.0,dk2dp,1049866,1049865,0.5045,0.782914,0.830608,0.67926,0.7925875,0.830608,0.0544117058748454,0.6350762795640947,0.6783185368527088,0.7781361985359114
com-DBLP,1,0.5,dk2dp,1049866,1049842,0.505,0.7138979999999999,0.816694,0.502824,0.7016534999999999,0.816694,0.207889387788537,0.6351571360045365,0.6983438873788317,0.7800071945262355
com-DBLP,1,1.0,dk2dp,1049866,1049870,0.508494,0.7703859999999999,0.8463879999999999,0.582344,0.7637655000000001,0.8463879999999999,0.1075108632911253,0.6329368399640085,0.6754601442655047,0.7782629325727901
com-DBLP,1,2.0,dk2dp,1049866,1049858,0.5065,0.8083259999999999,0.8376540000000001,0.648568,0.7800425000000001,0.8376540000000001,0.058216000899163,0.6351170763443794,0.6801007259690502,0.775872649707145
com-DBLP,1,3.0,dk2dp,1049866,1049867,0.5065,0.776464,0.838298,0.6736960000000001,0.7762574999999999,0.838298,0.0504445329213446,0.6351031945959771,0.6808743296608856,0.7743570655537644
com-DBLP,1,5.0,dk2dp,1049866,1049874,0.507,0.8119599999999999,0.8302639999999999,0.7026479999999999,0.7958020000000001,0.8302639999999999,0.0553765909173176,0.6351306501468555,0.679731988992188,0.7756590405227668
com-DBLP,2,0.5,dk2dp,1049866,1049849,0.5045,0.7250719999999999,0.860984,0.520132,0.7148159999999999,0.860984,0.2076198295782516,0.6351471349190944,0.7129564941765396,0.7801853043513174
com-DBLP,2,1.0,dk2dp,1049866,1049877,0.504,0.7440019999999999,0.825796,0.634768,0.7443715,0.825796,0.1071622473725224,0.6351463374774962,0.6834858419327691,0.7789004739751317
com-DBLP,2,2.0,dk2dp,1049866,1049864,0.5105,0.804894,0.8382479999999999,0.589614,0.795486,0.8382479999999999,0.0574539988912873,0.6351516030066847,0.6794168540382544,0.776041055867201
com-DBLP,2,3.0,dk2dp,1049866,1049861,0.507494,0.773166,0.831928,0.671972,0.7754165000000001,0.831928,0.0502530799168662,0.6350876021711073,0.6792829707765794,0.7761846561885877
com-DBLP,2,5.0,dk2dp,1049866,1049868,0.508,0.7841820000000002,0.8393539999999999,0.65376,0.7779955,0.8393539999999999,0.0553203932692367,0.635093828989871,0.6776033837818091,0.7765607620827286
ogbl-collab,0,0.5,dk2dp,967632,967574,0.5130054999999999,0.7217520000000002,0.8421120000000001,0.6461220000000001,0.7323680000000001,0.8421120000000001,0.1856718256527275,0.7256359486896308,0.6141792480926151,
ogbl-collab,0,1.0,dk2dp,967632,967619,0.51554,0.758842,0.8598319999999999,0.701226,0.7825185000000001,0.8598319999999999,0.0936916100335665,0.7259255221459937,0.6069352494817115,
ogbl-collab,0,2.0,dk2dp,967632,967631,0.5154890000000001,0.7878479999999999,0.849154,0.699704,0.8008200000000001,0.849154,0.0535606511566378,0.725818351123901,0.5996282241592195,
ogbl-collab,0,3.0,dk2dp,967632,967630,0.517485,0.815626,0.833072,0.681312,0.7998185,0.833072,0.0492036228648905,0.7260254266059928,0.5975936805236085,
ogbl-collab,0,5.0,dk2dp,967632,967623,0.519507,0.818878,0.837242,0.72629,0.8007270000000001,0.837242,0.0537415050349717,0.7260044357159046,0.5998126457466008,
ogbl-collab,1,0.5,dk2dp,967632,967604,0.515512,0.7571739999999999,0.833154,0.619874,0.745404,0.833154,0.1844275509697901,0.725860359579111,0.6326850762183857,
ogbl-collab,1,1.0,dk2dp,967632,967649,0.5115,0.7653539999999999,0.8308479999999999,0.668674,0.7569289999999999,0.8308479999999999,0.0929144550820969,0.7258489418473976,0.6032574440540647,
ogbl-collab,1,2.0,dk2dp,967632,967636,0.517003,0.821436,0.8702719999999998,0.6807719999999999,0.7993545000000001,0.8702719999999998,0.0528258676852355,0.725894466662251,0.5994050274321784,
ogbl-collab,1,3.0,dk2dp,967632,967633,0.5110034999999999,0.805508,0.8480800000000002,0.706198,0.8080315,0.8480800000000002,0.0494950559716918,0.7256520768666772,0.5994950257395443,
ogbl-collab,1,5.0,dk2dp,967632,967635,0.5200005,0.811512,0.86235,0.732726,0.8193424999999999,0.86235,0.0535637515088381,0.7256956065269623,0.6004153166152415,
ogbl-collab,2,0.5,dk2dp,967632,967622,0.5084879999999999,0.745588,0.834106,0.5964100000000001,0.7230975,0.834106,0.1846993485126578,0.7258543843675967,0.6330867722193695,
ogbl-collab,2,1.0,dk2dp,967632,967642,0.520002,0.775762,0.857392,0.671956,0.772553,0.857392,0.093229657555765,0.7257453208502268,0.6037140647441982,
ogbl-collab,2,2.0,dk2dp,967632,967626,0.514504,0.7778460000000001,0.848992,0.6574760000000001,0.795974,0.848992,0.052289506754633897,0.7256124803518661,0.6005513513123774,
ogbl-collab,2,3.0,dk2dp,967632,967637,0.5175185,0.8037380000000001,0.834334,0.7273680000000001,0.8005815000000001,0.834334,0.05038899085602804,0.7258883435165205,0.5978422447345302,
ogbl-collab,2,5.0,dk2dp,967632,967634,0.512516,0.812192,0.8478619999999999,0.69669,0.8134825000000001,0.8478619999999999,0.05369913355490531,0.725865575852636,0.6017899348999324,
